"fecha_accidente","hora_accidente","gravedad","clase_accidente","causante_accidente","descripcion_colisionante","descripcion_objeto_fijo","zona_accidente","descripcion_de_estado","area_accidente","sector_accidente","descripcion_localizacion","estado_clima","municipio","direccion_lugar","numero_victima_peaton","numero_victima_acompanante","numero_victima_pasajero","numero_victima_conductor","numero_victima_herido","numero_victima_muerto"
"2014-11-04T00:00:00.000Z","06:01","h","CHOQUE","Ciclista-Motociclista","VEHÍCULO","NO REPORTADO","NO REPORTADO","FALLADO","RURAL","NO REPORTADO","TRAMO DE VÍA","NORMAL","AMAGA","KM 2","0","0","0","0","0","0"
"2015-05-17T00:00:00.000Z","11:05","d","CHOQUE","Ciclista-Motociclista","VEHÍCULO","NO REPORTADO","NO REPORTADO","FALLADO","URBANA","RESIDENCIAL","TRAMO DE VÍA","NORMAL","AMAGA","CALLE 47 49 64","0","0","0","0","0","0"
"2014-06-11T00:00:00.000Z","12:01","h","VOLCAMIENTO","Ciclista-Motociclista","NO REPORTADO","NO REPORTADO","NO REPORTADO","PEND. NOTIFICACIÓN","URBANA","COMERCIAL","TRAMO DE VÍA","NORMAL","NO REPORTA","CALLE 20 CON CARRERA 20","0","0","0","0","0","0"
"2014-03-09T00:00:00.000Z","09:01","d","CHOQUE","Ciclista-Motociclista","VEHÍCULO","NO REPORTADO","NO REPORTADO","FALLADO","RURAL","NO REPORTADO","TRAMO DE VÍA","NORMAL","NO REPORTA","TRONCAL DEL CAFÉ SECTOR EL LICEO","0","0","0","0","0","0"
"2014-04-28T00:00:00.000Z","21:01","h","CAÍDA OCUPANTE","Ciclista-Motociclista","NO REPORTADO","NO REPORTADO","NO REPORTADO","FALLADO","RURAL","NO REPORTADO","TRAMO DE VÍA","NORMAL","NO REPORTA","VEREDA LA CLARITA","0","0","0","0","0","0"
"2014-05-11T00:00:00.000Z","15:01","h","CAÍDA OCUPANTE","Ciclista-Motociclista","NO REPORTADO","NO REPORTADO","NO REPORTADO","FALLADO","RURAL","NO REPORTADO","TRAMO DE VÍA","NORMAL","NO REPORTA","VÍA AMAGÁ MEDELLÍN SECTOR ESTACIÓN ZEUS","0","0","0","0","0","0"
"2014-05-04T00:00:00.000Z","19:01","h","ATROPELLO","Ciclista-Motociclista","NO REPORTADO","NO REPORTADO","NO REPORTADO","FALLADO","RURAL","NO REPORTADO","TRAMO DE VÍA","NORMAL","NO REPORTA","VÍA AMAGA BOLOMBOLO VEREDA MALABRIGO","0","0","0","0","0","0"
"2014-05-18T00:00:00.000Z","11:01","d","CHOQUE","Ciclista-Motociclista","VEHÍCULO","NO REPORTADO","NO REPORTADO","PEND. DECLARACIÓN","URBANA","RESIDENCIAL","TRAMO DE VÍA","NORMAL","NO REPORTA","CALLE 49 50","0","0","0","0","0","0"
"2014-05-21T00:00:00.000Z","14:01","d","CHOQUE","Ciclista-Motociclista","VEHÍCULO","NO REPORTADO","NO REPORTADO","FALLADO","RURAL","NO REPORTADO","TRAMO DE VÍA","NORMAL","NO REPORTA","VÍA AMAGÁ MEDELLÍN","0","0","0","0","0","0"
"2014-05-23T00:00:00.000Z","19:01","h","VOLCAMIENTO","Ciclista-Motociclista","NO REPORTADO","NO REPORTADO","NO REPORTADO","FALLADO","RURAL","NO REPORTADO","TRAMO DE VÍA","NORMAL","NO REPORTA","VÍA AMAGÁ FREDONIA","0","0","0","0","0","0"
"2014-07-16T00:00:00.000Z","09:01","h","VOLCAMIENTO","Ciclista-Motociclista","NO REPORTADO","NO REPORTADO","NO REPORTADO","PEND. NOTIFICACIÓN","RURAL","NO REPORTADO","TRAMO DE VÍA","NORMAL","NO REPORTA","VÍA DEPARTAMENTAL FRENTE FINCA LA CECILIA","0","0","0","0","0","0"
"2014-07-03T00:00:00.000Z","12:01","h","CHOQUE","Ciclista-Motociclista","VEHÍCULO","NO REPORTADO","NO REPORTADO","PEND. DECLARACIÓN","URBANA","RESIDENCIAL","INTERSECCIÓN","NORMAL","ABEJORRAL","CALLE 47 , CARRERA 54","0","0","0","0","0","0"
"2014-04-26T00:00:00.000Z","16:01","h","CHOQUE","Ciclista-Motociclista","VEHÍCULO","NO REPORTADO","NO REPORTADO","PEND. NOTIFICACIÓN","RURAL","NO REPORTADO","TRAMO DE VÍA","NORMAL","SAN JERÓNIMO","HOTEL EL TESORO","0","0","0","0","0","0"
"2014-03-29T00:00:00.000Z","15:01","h","CHOQUE","Ciclista-Motociclista","OBJETO FIJO","VEHÍCULO ESTACIONADO","NO REPORTADO","PEND. NOTIFICACIÓN","URBANA","COMERCIAL","INTERSECCIÓN","NORMAL","PEÑOL","ZONA URBANA VÍA PRINCIPAL FRENTE A LA PLAZA","0","0","0","0","0","0"
"2015-12-23T00:00:00.000Z","11:12","d","CHOQUE","Ciclista-Motociclista","VEHÍCULO","NO REPORTADO","NO REPORTADO","FALLADO","RURAL","NO REPORTADO","TRAMO DE VÍA","NORMAL","FREDONIA","PALOMOS","0","0","0","0","0","0"
"2015-11-10T00:00:00.000Z","09:11","d","CHOQUE","Ciclista-Motociclista","VEHÍCULO","NO REPORTADO","NO REPORTADO","FALLADO","RURAL","NO REPORTADO","TRAMO DE VÍA","NORMAL","NO REPORTA","LLANO DE SAN JOSÉ","0","0","0","0","0","0"
"2015-07-31T00:00:00.000Z","14:07","d","CHOQUE","Ciclista-Motociclista","VEHÍCULO","NO REPORTADO","NO REPORTADO","FALLADO","RURAL","NO REPORTADO","TRAMO DE VÍA","NORMAL","NO REPORTA","LLANO DE SAN JOSÉ EL CAJÓN","0","0","0","0","0","0"
"2016-06-03T00:00:00.000Z","18:06","d","VOLCAMIENTO","Ciclista-Motociclista","NO REPORTADO","NO REPORTADO","NO REPORTADO","PEND. NOTIFICACIÓN","RURAL","NO REPORTADO","TRAMO DE VÍA","NORMAL","NO REPORTA","PIEDRAS NEGRAS","0","0","0","0","0","0"
"2014-04-01T00:00:00.000Z","15:01","d","CHOQUE","Ciclista-Motociclista","VEHÍCULO","NO REPORTADO","NO REPORTADO","PEND. NOTIFICACIÓN","URBANA","RESIDENCIAL","TRAMO DE VÍA","NORMAL","NO REPORTA","CALLE 22 FRENTE AL # 20-239","0","0","0","0","0","0"
"2014-05-18T00:00:00.000Z","17:01","h","CHOQUE","Ciclista-Motociclista","VEHÍCULO","NO REPORTADO","NO REPORTADO","FALLADO","RURAL","NO REPORTADO","TRAMO DE VÍA","NORMAL","NO REPORTA","VEREDA SAN ANTONIO KM 6 EL CRUCERO SAN VICENTE","0","0","0","0","0","0"
"2014-04-17T00:00:00.000Z","10:01","h","CHOQUE","Ciclista-Motociclista","OBJETO FIJO","VEHÍCULO ESTACIONADO","NO REPORTADO","PEND. NOTIFICACIÓN","URBANA","RESIDENCIAL","TRAMO DE VÍA","NORMAL","CAICEDO","VEREDA EL HATO","0","0","0","0","0","0"
"2014-05-04T00:00:00.000Z","06:01","h","ATROPELLO","Ciclista-Motociclista","NO REPORTADO","NO REPORTADO","NO REPORTADO","PEND. NOTIFICACIÓN","RURAL","NO REPORTADO","TRAMO DE VÍA","NORMAL","NO REPORTA","VEREDA LA SALAZAR KILOMETRO 13","0","0","0","0","0","0"
"2014-05-04T00:00:00.000Z","01:01","h","CAÍDA OCUPANTE","Ciclista-Motociclista","NO REPORTADO","NO REPORTADO","NO REPORTADO","PEND. NOTIFICACIÓN","URBANA","RESIDENCIAL","TRAMO DE VÍA","NORMAL","NO REPORTA","CALLE DEL COLEGIO","0","0","0","0","0","0"
"2014-06-28T00:00:00.000Z","07:01","h","VOLCAMIENTO","Ciclista-Motociclista","NO REPORTADO","NO REPORTADO","NO REPORTADO","FALLADO","RURAL","NO REPORTADO","TRAMO DE VÍA","NORMAL","SAN VICENTE","VEREDA CHAPARRAL ENTRADA LOS MORALES","0","0","0","0","0","0"
"2014-07-09T00:00:00.000Z","16:01","d","CHOQUE","Ciclista-Motociclista","VEHÍCULO","NO REPORTADO","NO REPORTADO","FALLADO","URBANA","COMERCIAL","INTERSECCIÓN","NORMAL","GUATAPE","CALLE 31 NUMERO 30-08","0","0","0","0","0","0"
"2014-11-14T00:00:00.000Z","10:01","h","VOLCAMIENTO","Ciclista-Motociclista","NO REPORTADO","NO REPORTADO","NO REPORTADO","FALLADO","RURAL","NO REPORTADO","TRAMO DE VÍA","NORMAL","AMAGA","LA TRONCAL KM 7","0","0","0","0","0","0"
"2015-10-30T00:00:00.000Z","12:10","d","CHOQUE","Ciclista-Motociclista","OBJETO FIJO","POSTE","NO REPORTADO","FALLADO","URBANA","RESIDENCIAL","TRAMO DE VÍA","NORMAL","NO REPORTA","SECTOR URBANIZACIÓN CABAÑITAS","0","0","0","0","0","0"
"2016-06-09T00:00:00.000Z","11:06","d","CHOQUE","Ciclista-Motociclista","VEHÍCULO","NO REPORTADO","NO REPORTADO","FALLADO","URBANA","RESIDENCIAL","TRAMO DE VÍA","NORMAL","NO REPORTA","HATILLO PARTE ALTA","0","0","0","0","0","0"
"2014-03-28T00:00:00.000Z","18:01","h","CHOQUE","Ciclista-Motociclista","VEHÍCULO","NO REPORTADO","NO REPORTADO","FALLADO","RURAL","NO REPORTADO","TRAMO DE VÍA","NORMAL","NO REPORTA","AUT MED - GRANADA KM 10+840","0","0","0","0","0","0"
"2014-03-22T00:00:00.000Z","14:01","d","CHOQUE","Ciclista-Motociclista","VEHÍCULO","NO REPORTADO","NO REPORTADO","PEND. NOTIFICACIÓN","URBANA","COMERCIAL","TRAMO DE VÍA","NORMAL","NO REPORTA","CARRERA 9 ,CALL 10","0","0","0","0","0","0"
"2014-03-07T00:00:00.000Z","14:01","d","CHOQUE","Ciclista-Motociclista","VEHÍCULO","NO REPORTADO","NO REPORTADO","FALLADO","URBANA","RESIDENCIAL","TRAMO DE VÍA","NORMAL","NO REPORTA","CAMILO C FREDONIA","0","0","0","0","0","0"
"2014-03-06T00:00:00.000Z","16:01","h","CHOQUE","Ciclista-Motociclista","VEHÍCULO","NO REPORTADO","NO REPORTADO","FALLADO","URBANA","RESIDENCIAL","INTERSECCIÓN","NORMAL","NO REPORTA","CRA 48 CLLE 46","0","0","0","0","0","0"
"2014-05-26T00:00:00.000Z","08:01","h","VOLCAMIENTO","Ciclista-Motociclista","NO REPORTADO","NO REPORTADO","NO REPORTADO","PEND. NOTIFICACIÓN","RURAL","NO REPORTADO","TRAMO DE VÍA","NORMAL","NO REPORTA","VÍA QUE CONDUCE A LA VEREDA EL ENCANTO","0","0","0","0","0","0"
"2014-05-28T00:00:00.000Z","17:01","h","CAÍDA OCUPANTE","Ciclista-Motociclista","NO REPORTADO","NO REPORTADO","NO REPORTADO","PEND. NOTIFICACIÓN","RURAL","NO REPORTADO","TRAMO DE VÍA","LLUVIA","CAICEDO","VÍA QUE CONDUCE A LA VEREDA LA SOLEDAD","0","0","0","0","0","0"
"2014-05-29T00:00:00.000Z","14:01","h","CHOQUE","Ciclista-Motociclista","VEHÍCULO","NO REPORTADO","NO REPORTADO","PEND. NOTIFICACIÓN","RURAL","NO REPORTADO","TRAMO DE VÍA","NORMAL","CAICEDO","VÍA QUE CONDUCE AL MUNICIPIO DE STA. DE ANTIOQUIA","0","0","0","0","0","0"
"2014-05-22T00:00:00.000Z","09:01","h","ATROPELLO","Ciclista-Motociclista","NO REPORTADO","NO REPORTADO","NO REPORTADO","PEND. NOTIFICACIÓN","URBANA","RESIDENCIAL","TRAMO DE VÍA","NORMAL","SANTA BARBARA - ANT","CARRERA SANTANDER","0","0","0","0","0","0"
"2014-09-03T00:00:00.000Z","16:01","h","ATROPELLO","Ciclista-Motociclista","NO REPORTADO","NO REPORTADO","NO REPORTADO","FALLADO","URBANA","COMERCIAL","TRAMO DE VÍA","NORMAL","GUATAPE","CALLE 32   CON CARRERA 27","0","0","0","0","0","0"
"2014-09-17T00:00:00.000Z","19:01","d","CHOQUE","Ciclista-Motociclista","VEHÍCULO","NO REPORTADO","NO REPORTADO","PEND. FALLO","RURAL","NO REPORTADO","TRAMO DE VÍA","NORMAL","FREDONIA","VÍA AMAGA-PALOMOS KM 6","0","0","0","0","0","0"
"2014-09-28T00:00:00.000Z","19:01","m","VOLCAMIENTO","Ciclista-Motociclista","NO REPORTADO","NO REPORTADO","NO REPORTADO","FALLADO","RURAL","NO REPORTADO","LOTE O PREDIO","NORMAL","FREDONIA","FINCA CANTA RANA","0","0","0","0","0","0"
"2014-10-05T00:00:00.000Z","15:01","h","CHOQUE","Ciclista-Motociclista","OBJETO FIJO","ÁRBOL","NO REPORTADO","PEND. DECLARACIÓN","RURAL","NO REPORTADO","TRAMO DE VÍA","NORMAL","AMAGA","KM 2","0","0","0","0","0","0"
"2014-11-22T00:00:00.000Z","13:01","h","CHOQUE","Ciclista-Motociclista","VEHÍCULO","NO REPORTADO","NO REPORTADO","FALLADO","RURAL","NO REPORTADO","TRAMO DE VÍA","NORMAL","GUARNE","KM 81+600","0","0","0","0","0","0"
"2015-01-01T00:00:00.000Z","16:01","d","CHOQUE","Ciclista-Motociclista","VEHÍCULO","NO REPORTADO","NO REPORTADO","PEND. NOTIFICACIÓN","URBANA","RESIDENCIAL","TRAMO DE VÍA","NORMAL","VENECIA","FRENTE A LA I.E. SAN JOSÉ PRIMARIA","0","0","0","0","0","0"
"2014-04-17T00:00:00.000Z","10:01","h","NO REPORTADA","Ciclista-Motociclista","NO REPORTADO","NO REPORTADO","NO REPORTADO","PEND. NOTIFICACIÓN","NO REPORTADO","NO REPORTADO","TRAMO DE VÍA","NORMAL","NO REPORTA","VEREDA EL HATO","0","0","0","0","0","0"
"2014-04-07T00:00:00.000Z","08:01","h","CHOQUE","Ciclista-Motociclista","VEHÍCULO","NO REPORTADO","NO REPORTADO","CONCILIADO","RURAL","NO REPORTADO","TRAMO DE VÍA","NORMAL","NO REPORTA","VÍA AMAGA FREDONIA","0","0","0","0","0","0"
"2014-04-10T00:00:00.000Z","15:01","h","ATROPELLO","Ciclista-Motociclista","NO REPORTADO","NO REPORTADO","NO REPORTADO","FALLADO","URBANA","COMERCIAL","TRAMO DE VÍA","NORMAL","NO REPORTA","CARRERA 51 50","0","0","0","0","0","0"
"2014-04-12T00:00:00.000Z","15:01","h","CAÍDA OCUPANTE","Ciclista-Motociclista","NO REPORTADO","NO REPORTADO","NO REPORTADO","FALLADO","RURAL","NO REPORTADO","TRAMO DE VÍA","LLUVIA","NO REPORTA","VÍA AMAGÁ BOLOMBOLO SECTOR MALABRIGO","0","0","0","0","0","0"
"2014-04-23T00:00:00.000Z","12:01","h","ATROPELLO","Ciclista-Motociclista","NO REPORTADO","NO REPORTADO","NO REPORTADO","PEND. DECLARACIÓN","URBANA","COMERCIAL","INTERSECCIÓN","NORMAL","NO REPORTA","CARRERA 51 CON CALLE","0","0","0","0","0","0"
"2014-04-28T00:00:00.000Z","15:01","h","CHOQUE","Ciclista-Motociclista","VEHÍCULO","NO REPORTADO","NO REPORTADO","CONCILIADO","RURAL","NO REPORTADO","TRAMO DE VÍA","NORMAL","NO REPORTA","TRONCAL DEL CAFÉ VILLAS DEL NOGAL","0","0","0","0","0","0"
"2014-05-11T00:00:00.000Z","10:01","h","ATROPELLO","Ciclista-Motociclista","NO REPORTADO","NO REPORTADO","NO REPORTADO","PEND. NOTIFICACIÓN","URBANA","COMERCIAL","TRAMO DE VÍA","NORMAL","NO REPORTA","PARQUE PRINCIPAL","0","0","0","0","0","0"
"2014-12-15T00:00:00.000Z","16:01","h","CHOQUE","Ciclista-Motociclista","VEHÍCULO","NO REPORTADO","NO REPORTADO","FALLADO","RURAL","NO REPORTADO","TRAMO DE VÍA","NORMAL","AMAGA","KM 80+400 SALIDA A MEDELLÍN","0","0","0","0","0","0"
"2014-05-21T00:00:00.000Z","17:01","h","CHOQUE","Ciclista-Motociclista","VEHÍCULO","NO REPORTADO","NO REPORTADO","PEND. NOTIFICACIÓN","RURAL","NO REPORTADO","TRAMO DE VÍA","NORMAL","NO REPORTA","VÍA TÁMESIS-SAN PABLO","0","0","0","0","0","0"
"2014-06-02T00:00:00.000Z","15:01","h","VOLCAMIENTO","Ciclista-Motociclista","NO REPORTADO","NO REPORTADO","NO REPORTADO","PEND. NOTIFICACIÓN","RURAL","NO REPORTADO","TRAMO DE VÍA","LLUVIA","NO REPORTA","BARRIO PALESTINA TRONCAL DE OCCIDENTE","0","0","0","0","0","0"
"2014-05-12T00:00:00.000Z","15:01","h","VOLCAMIENTO","Ciclista-Motociclista","NO REPORTADO","NO REPORTADO","NO REPORTADO","PEND. NOTIFICACIÓN","RURAL","NO REPORTADO","TRAMO DE VÍA","NORMAL","NO REPORTA","SECTOR EL VAHO","0","0","0","0","0","0"
"2014-05-26T00:00:00.000Z","16:01","h","CAÍDA OCUPANTE","Ciclista-Motociclista","NO REPORTADO","NO REPORTADO","NO REPORTADO","PEND. NOTIFICACIÓN","RURAL","NO REPORTADO","TRAMO DE VÍA","NORMAL","NO REPORTA","VEREDA LOS SAUCES","0","0","0","0","0","0"
"2014-07-30T00:00:00.000Z","14:01","h","CHOQUE","Ciclista-Motociclista","VEHÍCULO","NO REPORTADO","NO REPORTADO","FALLADO","RURAL","NO REPORTADO","TRAMO DE VÍA","NORMAL","SAN VICENTE","CRUCERO SAN VICENTE  VEREDA EL ÁGUILA","0","0","0","0","0","0"
"2014-05-31T00:00:00.000Z","13:01","h","VOLCAMIENTO","Ciclista-Motociclista","NO REPORTADO","NO REPORTADO","NO REPORTADO","PEND. DECLARACIÓN","RURAL","NO REPORTADO","TRAMO DE VÍA","NORMAL","ABEJORRAL","KILOMETRO 1","0","0","0","0","0","0"
"2014-07-11T00:00:00.000Z","18:01","h","CHOQUE","Ciclista-Motociclista","VEHÍCULO","NO REPORTADO","NO REPORTADO","CONCILIADO","RURAL","NO REPORTADO","TRAMO DE VÍA","NORMAL","ABEJORRAL","KILOMETRO6","0","0","0","0","0","0"
"2014-08-16T00:00:00.000Z","14:01","h","CHOQUE","Ciclista-Motociclista","VEHÍCULO","NO REPORTADO","NO REPORTADO","FALLADO","RURAL","NO REPORTADO","TRAMO DE VÍA","NORMAL","ABEJORRAL","KILOMETRO 9","0","0","0","0","0","0"
"2014-09-07T00:00:00.000Z","15:01","h","VOLCAMIENTO","Ciclista-Motociclista","NO REPORTADO","NO REPORTADO","NO REPORTADO","PEND. DECLARACIÓN","RURAL","NO REPORTADO","PUENTE","NORMAL","GUATAPE","VÍA MARINILLA - GUATAPE KILOMETRO 26","0","0","0","0","0","0"
"2014-05-30T00:00:00.000Z","06:01","m","CHOQUE","Ciclista-Motociclista","VEHÍCULO","NO REPORTADO","NO REPORTADO","PEND. NOTIFICACIÓN","URBANA","RESIDENCIAL","TRAMO DE VÍA","NORMAL","PEÑOL","MARINILLA-PEÑOL KM 15 PUENTE COLGANTE","0","0","0","0","0","0"
"2014-11-20T00:00:00.000Z","17:01","m","CHOQUE","Ciclista-Motociclista","VEHÍCULO","NO REPORTADO","NO REPORTADO","FALLADO","RURAL","NO REPORTADO","TRAMO DE VÍA","NORMAL","JARDÍN","SECTOR DEL CABILDO DE CRISTIANIA","0","0","0","0","0","0"
"2015-05-23T00:00:00.000Z","10:05","d","CHOQUE","Ciclista-Motociclista","VEHÍCULO","NO REPORTADO","NO REPORTADO","PEND. NOTIFICACIÓN","RURAL","NO REPORTADO","TRAMO DE VÍA","NORMAL","PUEBLO RICO","KM 0 +750","0","0","0","0","0","0"
"2015-06-21T00:00:00.000Z","16:06","d","CHOQUE","Ciclista-Motociclista","OBJETO FIJO","ÁRBOL","NO REPORTADO","PEND. NOTIFICACIÓN","RURAL","NO REPORTADO","TRAMO DE VÍA","NORMAL","PUEBLO RICO","KM 2+800","0","0","0","0","0","0"
"2015-06-20T00:00:00.000Z","15:06","d","CHOQUE","Ciclista-Motociclista","VEHÍCULO","NO REPORTADO","NO REPORTADO","PEND. NOTIFICACIÓN","URBANA","RESIDENCIAL","INTERSECCIÓN","NORMAL","GUARNE","CRA 17 CON CALLE  21","0","0","0","0","0","0"
"2014-04-12T00:00:00.000Z","10:01","h","ATROPELLO","Ciclista-Motociclista","NO REPORTADO","NO REPORTADO","NO REPORTADO","PEND. NOTIFICACIÓN","RURAL","NO REPORTADO","TRAMO DE VÍA","NORMAL","SAN JERÓNIMO","SECTOR EL TOBOGÁN","0","0","0","0","0","0"
"2014-05-18T00:00:00.000Z","17:01","h","ATROPELLO","Ciclista-Motociclista","NO REPORTADO","NO REPORTADO","NO REPORTADO","PEND. NOTIFICACIÓN","RURAL","NO REPORTADO","TRAMO DE VÍA","NORMAL","GUATAPE","ENTRADA VEREDA EL ROBLE","0","0","0","0","0","0"
"2014-10-12T00:00:00.000Z","17:01","d","CHOQUE","Ciclista-Motociclista","VEHÍCULO","NO REPORTADO","NO REPORTADO","FALLADO","RURAL","NO REPORTADO","TRAMO DE VÍA","NORMAL","AMAGA","VÍA CAMILO C FREDONIA","0","0","0","0","0","0"
"2015-08-05T00:00:00.000Z","12:08","d","CHOQUE","Ciclista-Motociclista","VEHÍCULO","NO REPORTADO","NO REPORTADO","PEND. NOTIFICACIÓN","RURAL","NO REPORTADO","TRAMO DE VÍA","NORMAL","TÁMESIS","KM 4+100MTS.","0","0","0","0","0","0"
"2015-09-12T00:00:00.000Z","17:09","d","OTRO","Ciclista-Motociclista","NO REPORTADO","NO REPORTADO","NO REPORTADO","PEND. NOTIFICACIÓN","RURAL","NO REPORTADO","TRAMO DE VÍA","NORMAL","NO REPORTA","CAICEDO-ANZA KILOMETRO 1","0","0","0","0","0","0"
"2014-03-28T00:00:00.000Z","15:01","h","CHOQUE","Ciclista-Motociclista","VEHÍCULO","NO REPORTADO","NO REPORTADO","FALLADO","URBANA","RESIDENCIAL","TRAMO DE VÍA","NORMAL","PEÑOL","CARRERA 50 52 70","0","0","0","0","0","0"
"2014-04-03T00:00:00.000Z","06:01","h","CHOQUE","Ciclista-Motociclista","VEHÍCULO","NO REPORTADO","NO REPORTADO","FALLADO","URBANA","RESIDENCIAL","TRAMO DE VÍA","LLUVIA","PEÑOL","SITIO LICEO SAN FERNANDO","0","0","0","0","0","0"
"2014-07-04T00:00:00.000Z","13:01","d","VOLCAMIENTO","Ciclista-Motociclista","NO REPORTADO","NO REPORTADO","NO REPORTADO","PEND. NOTIFICACIÓN","RURAL","NO REPORTADO","TRAMO DE VÍA","NORMAL","VALPARAÍSO","SECTOR AGUA BONITA","0","0","0","0","0","0"
"2015-09-19T00:00:00.000Z","15:09","d","CHOQUE","Ciclista-Motociclista","VEHÍCULO","NO REPORTADO","NO REPORTADO","FALLADO","RURAL","NO REPORTADO","TRAMO DE VÍA","NORMAL","NO REPORTA","CURVA DEL DIABLO","0","0","0","0","0","0"
"2015-11-14T00:00:00.000Z","18:11","d","CHOQUE","Ciclista-Motociclista","VEHÍCULO","NO REPORTADO","NO REPORTADO","PEND. NOTIFICACIÓN","RURAL","NO REPORTADO","TRAMO DE VÍA","NORMAL","NO REPORTA","KILOMETRO 2 ""LA SABINA"" VÍA ALEJANDRÍA - SANTO DOMINGO","0","0","0","0","0","0"
"2016-01-15T00:00:00.000Z","10:01","d","CHOQUE","Ciclista-Motociclista","VEHÍCULO","NO REPORTADO","NO REPORTADO","FALLADO","RURAL","NO REPORTADO","TRAMO DE VÍA","NORMAL","FREDONIA","VEREDA EL CINCO SECTOR  MORRO PLANCHO","0","0","0","0","0","0"
"2014-03-06T00:00:00.000Z","17:01","d","CHOQUE","Ciclista-Motociclista","VEHÍCULO","NO REPORTADO","NO REPORTADO","PEND. NOTIFICACIÓN","URBANA","RESIDENCIAL","TRAMO DE VÍA","NORMAL","SANTA BARBARA - ANT","SECTOR LA BASTILLA","0","0","0","0","0","0"
"2014-03-17T00:00:00.000Z","17:01","d","CHOQUE","Ciclista-Motociclista","VEHÍCULO","NO REPORTADO","NO REPORTADO","PEND. NOTIFICACIÓN","URBANA","RESIDENCIAL","TRAMO DE VÍA","NORMAL","SANTA BARBARA - ANT","VÍA MEDELLÍN PINTADA SECTOR LA BASTILLA","0","0","0","0","0","0"
"2014-05-02T00:00:00.000Z","15:01","h","CHOQUE","Ciclista-Motociclista","VEHÍCULO","NO REPORTADO","NO REPORTADO","PEND. NOTIFICACIÓN","RURAL","NO REPORTADO","TRAMO DE VÍA","LLUVIA","FREDONIA","VÍA CAMILO C FREDONIA","0","0","0","0","0","0"
"2014-05-23T00:00:00.000Z","10:01","d","VOLCAMIENTO","Ciclista-Motociclista","NO REPORTADO","NO REPORTADO","NO REPORTADO","PEND. NOTIFICACIÓN","URBANA","RESIDENCIAL","INTERSECCIÓN","NORMAL","FREDONIA","CLL 42 CON CRA 50 ESQUINA","0","0","0","0","0","0"
"2014-06-27T00:00:00.000Z","21:01","m","CHOQUE","Ciclista-Motociclista","VEHÍCULO","NO REPORTADO","NO REPORTADO","FALLADO","URBANA","RESIDENCIAL","TRAMO DE VÍA","NORMAL","JARDÍN","CARRERA 5 CON CALLE 16 BARRIO PRIMAVERA","0","0","0","0","0","0"
"2014-08-16T00:00:00.000Z","09:01","d","CHOQUE","Ciclista-Motociclista","VEHÍCULO","NO REPORTADO","NO REPORTADO","FALLADO","URBANA","RESIDENCIAL","TRAMO DE VÍA","NORMAL","FREDONIA","CRA 50 NO.54-116","0","0","0","0","0","0"
"2014-09-07T00:00:00.000Z","10:01","d","CHOQUE","Ciclista-Motociclista","VEHÍCULO","NO REPORTADO","NO REPORTADO","FALLADO","URBANA","COMERCIAL","INTERSECCIÓN","NORMAL","FREDONIA","CARRERA 50 CON CALLE 51","0","0","0","0","0","0"
"2014-10-19T00:00:00.000Z","17:01","m","CHOQUE","Ciclista-Motociclista","VEHÍCULO","NO REPORTADO","NO REPORTADO","FALLADO","RURAL","NO REPORTADO","TRAMO DE VÍA","NORMAL","FREDONIA","KILOMETRO 20 T250 VÍA PUENTE IGLESIAS","0","0","0","0","0","0"
"2015-09-04T00:00:00.000Z","13:09","d","CHOQUE","Ciclista-Motociclista","VEHÍCULO","NO REPORTADO","NO REPORTADO","PEND. NOTIFICACIÓN","URBANA","RESIDENCIAL","TRAMO DE VÍA","NORMAL","NO REPORTA","CALLE AURORA N 18-44","0","0","0","0","0","0"
"2014-07-30T00:00:00.000Z","18:01","h","CHOQUE","Ciclista-Motociclista","VEHÍCULO","NO REPORTADO","NO REPORTADO","FALLADO","RURAL","NO REPORTADO","TRAMO DE VÍA","NORMAL","VALPARAÍSO","KILOMETRO 3 VÍA PINTADA VALPARAÍSO","0","0","0","0","0","0"
"2014-02-22T00:00:00.000Z","07:01","h","CHOQUE","Ciclista-Motociclista","VEHÍCULO","NO REPORTADO","NO REPORTADO","CONCILIADO","RURAL","NO REPORTADO","TRAMO DE VÍA","NORMAL","PEÑOL","VÍA MARINILLA-PEÑOL KM 16","0","0","0","0","0","0"