"fecha_accidente","hora_accidente","gravedad","clase_accidente","causante_accidente","descripcion_colisionante","descripcion_objeto_fijo","zona_accidente","descripcion_de_estado","area_accidente","sector_accidente","descripcion_localizacion","estado_clima","municipio","direccion_lugar","numero_victima_peaton","numero_victima_acompanante","numero_victima_pasajero","numero_victima_conductor","numero_victima_herido","numero_victima_muerto"
"2014-03-31T00:00:00.000Z","16:01","d","CHOQUE","Ciclista-Motociclista","VEHÍCULO","NO REPORTADO","NO REPORTADO","PEND. NOTIFICACIÓN","URBANA","COMERCIAL","TRAMO DE VÍA","NORMAL","SAN JERÓNIMO","KM 21+00 ENTRADA A SAN JERÓNIMO","0","0","0","0","0","0"
"2014-12-01T00:00:00.000Z","07:12","d","CHOQUE","Ciclista-Motociclista","VEHÍCULO","NO REPORTADO","NO REPORTADO","PEND. NOTIFICACIÓN","RURAL","NO REPORTADO","TRAMO DE VÍA","NORMAL","NO REPORTA","MIRAFLORES","0","0","0","0","0","0"
"2014-06-14T00:00:00.000Z","16:01","h","CHOQUE","Ciclista-Motociclista","VEHÍCULO","NO REPORTADO","NO REPORTADO","FALLADO","RURAL","NO REPORTADO","INTERSECCIÓN","NORMAL","NO REPORTA","VÍA DEPARTAMENTAL HISPANIA-ANDES  ENTRADA AL PUENTE COLGANTE","0","0","0","0","0","0"
"2014-07-30T00:00:00.000Z","13:01","h","CHOQUE","Ciclista-Motociclista","OBJETO FIJO","ÁRBOL","NO REPORTADO","PEND. NOTIFICACIÓN","URBANA","RESIDENCIAL","TRAMO DE VÍA","NORMAL","SANTA BARBARA - ANT","SECTOR CHONTALITO","0","0","0","0","0","0"
"2014-08-18T00:00:00.000Z","14:01","h","CHOQUE","Ciclista-Motociclista","VEHÍCULO","NO REPORTADO","NO REPORTADO","FALLADO","RURAL","NO REPORTADO","TRAMO DE VÍA","NORMAL","GRANADA","VÍA GRANADA SANTA ANA KM 1","0","0","0","0","0","0"
"2014-03-14T00:00:00.000Z","15:01","h","CHOQUE","Ciclista-Motociclista","VEHÍCULO","NO REPORTADO","NO REPORTADO","PEND. NOTIFICACIÓN","URBANA","RESIDENCIAL","TRAMO DE VÍA","NORMAL","NO REPORTA","TÁMESIS VÍA FINCA LA PILARICA","0","0","0","0","0","0"
"2014-03-23T00:00:00.000Z","17:01","h","ATROPELLO","Ciclista-Motociclista","NO REPORTADO","NO REPORTADO","NO REPORTADO","CONCILIADO","URBANA","COMERCIAL","INTERSECCIÓN","NORMAL","NO REPORTA","TRANSVERSAL 6 CON CARRERA","0","0","0","0","0","0"
"2014-10-06T00:00:00.000Z","17:01","h","CHOQUE","Ciclista-Motociclista","VEHÍCULO","NO REPORTADO","NO REPORTADO","FALLADO","RURAL","NO REPORTADO","TRAMO DE VÍA","NORMAL","SAN VICENTE","GUARNE SAN VICENTE","0","0","0","0","0","0"
"2014-10-12T00:00:00.000Z","11:01","h","CHOQUE","Ciclista-Motociclista","VEHÍCULO","NO REPORTADO","NO REPORTADO","PEND. DECLARACIÓN","RURAL","NO REPORTADO","TRAMO DE VÍA","NORMAL","SAN VICENTE","CRUCERO SAN VICENTE KM 10+02","0","0","0","0","0","0"
"2015-05-15T00:00:00.000Z","13:05","d","CHOQUE","Ciclista-Motociclista","VEHÍCULO","NO REPORTADO","NO REPORTADO","FALLADO","URBANA","RESIDENCIAL","TRAMO DE VÍA","NORMAL","FREDONIA","AVENIDA SANTANDER","0","0","0","0","0","0"
"2015-07-10T00:00:00.000Z","13:07","d","CHOQUE","Ciclista-Motociclista","VEHÍCULO","NO REPORTADO","NO REPORTADO","FALLADO","RURAL","NO REPORTADO","TRAMO DE VÍA","NORMAL","AMAGA","SECTOR CAMILO C","0","0","0","0","0","0"
"2015-08-09T00:00:00.000Z","13:08","d","CHOQUE","Ciclista-Motociclista","VEHÍCULO","NO REPORTADO","NO REPORTADO","PEND. NOTIFICACIÓN","RURAL","NO REPORTADO","TRAMO DE VÍA","NORMAL","ALEJANDRÍA","VEREDA PIEDRAS MUNICIPIO DE ALEJANDRÍA ANTIOQUIA","0","0","0","0","0","0"
"2015-08-16T00:00:00.000Z","15:08","d","CHOQUE","Ciclista-Motociclista","VEHÍCULO","NO REPORTADO","NO REPORTADO","PEND. DECLARACIÓN","URBANA","COMERCIAL","TRAMO DE VÍA","NORMAL","FREDONIA","CRA 50 CON CALLE 51","0","0","0","0","0","0"
"2014-05-03T00:00:00.000Z","16:01","h","CHOQUE","Ciclista-Motociclista","SEMOVIENTE","NO REPORTADO","NO REPORTADO","PEND. NOTIFICACIÓN","RURAL","NO REPORTADO","TRAMO DE VÍA","NORMAL","TÁMESIS","VÍA TÁMESIS-PINTADA- FINCA POTOSÍ","0","0","0","0","0","0"
"2014-03-30T00:00:00.000Z","11:01","d","CHOQUE","Ciclista-Motociclista","VEHÍCULO","NO REPORTADO","NO REPORTADO","FALLADO","RURAL","NO REPORTADO","TRAMO DE VÍA","NORMAL","NO REPORTA","VÍA PUENTE IGLESIAS SECTOR PALO BLANCO","0","0","0","0","0","0"
"2014-07-23T00:00:00.000Z","20:01","h","ATROPELLO","Ciclista-Motociclista","NO REPORTADO","NO REPORTADO","NO REPORTADO","PEND. NOTIFICACIÓN","URBANA","RESIDENCIAL","INTERSECCIÓN","NORMAL","SANTA BARBARA - ANT","CALLE SALGAR CON BOLÍVAR","0","0","0","0","0","0"
"2014-10-11T00:00:00.000Z","12:01","d","CHOQUE","Ciclista-Motociclista","VEHÍCULO","NO REPORTADO","NO REPORTADO","PEND. NOTIFICACIÓN","RURAL","NO REPORTADO","TRAMO DE VÍA","NORMAL","VALPARAÍSO","KM 1 VÍA VALPARAÍSO-SAN PABLO","0","0","0","0","0","0"
"2014-10-27T00:00:00.000Z","11:01","h","CHOQUE","Ciclista-Motociclista","VEHÍCULO","NO REPORTADO","NO REPORTADO","FALLADO","RURAL","NO REPORTADO","TRAMO DE VÍA","NORMAL","VALPARAÍSO","KM 900MTS VÍA VALPARAÍSO-SAN PABLO","0","0","0","0","0","0"
"2015-10-01T00:00:00.000Z","02:10","d","CHOQUE","Ciclista-Motociclista","VEHÍCULO","NO REPORTADO","NO REPORTADO","PEND. NOTIFICACIÓN","RURAL","NO REPORTADO","TRAMO DE VÍA","NORMAL","NO REPORTA","VÍA QUE CONDUCE AL MUNICIPIO DE URRAO","0","0","0","0","0","0"
"2015-10-04T00:00:00.000Z","07:10","d","CHOQUE","Ciclista-Motociclista","VEHÍCULO","NO REPORTADO","NO REPORTADO","PEND. NOTIFICACIÓN","RURAL","NO REPORTADO","TRAMO DE VÍA","NORMAL","NO REPORTA","VÍA QUE CONDUCE AL MUNICIPIO DE SANTA FE DE ANTIOQUIA","0","0","0","0","0","0"
"2014-05-31T00:00:00.000Z","12:01","d","CHOQUE","Ciclista-Motociclista","VEHÍCULO","NO REPORTADO","NO REPORTADO","FALLADO","RURAL","NO REPORTADO","TRAMO DE VÍA","NORMAL","NO REPORTA","KILOMETRO 16+100 HACIA SAN ANTONIO DE PRADO","0","0","0","0","0","0"
"2014-07-11T00:00:00.000Z","18:01","h","CHOQUE","Ciclista-Motociclista","VEHÍCULO","NO REPORTADO","NO REPORTADO","PEND. NOTIFICACIÓN","URBANA","RESIDENCIAL","INTERSECCIÓN","NORMAL","SANTA BARBARA - ANT","CALLE CÓRDOBA","0","0","0","0","0","0"
"2014-08-03T00:00:00.000Z","16:01","d","CHOQUE","Ciclista-Motociclista","VEHÍCULO","NO REPORTADO","NO REPORTADO","FALLADO","RURAL","NO REPORTADO","INTERSECCIÓN","NORMAL","NO REPORTA","KILOMETRO 12 T 950 CAMILO C FREDONIA- INTERSECCIÓN VENECIA","0","0","0","0","0","0"
"2014-09-05T00:00:00.000Z","18:01","h","ATROPELLO","Ciclista-Motociclista","NO REPORTADO","NO REPORTADO","NO REPORTADO","FALLADO","URBANA","RESIDENCIAL","TRAMO DE VÍA","NORMAL","AMAGA","CARRERA 51 CALLE","0","0","0","0","0","0"
"2014-05-22T00:00:00.000Z","15:01","d","CHOQUE","Ciclista-Motociclista","VEHÍCULO","NO REPORTADO","NO REPORTADO","FALLADO","RURAL","NO REPORTADO","TRAMO DE VÍA","NORMAL","NO REPORTA","SAN VICENTE  EL CORAL","0","0","0","0","0","0"
"2014-06-01T00:00:00.000Z","02:01","d","CHOQUE","Ciclista-Motociclista","VEHÍCULO","NO REPORTADO","NO REPORTADO","FALLADO","RURAL","NO REPORTADO","TRAMO DE VÍA","NORMAL","NO REPORTA","VÍA SAN VICENTE CRUCERO VEREDA SAN ISIDRO","0","0","0","0","0","0"
"2014-06-02T00:00:00.000Z","14:01","h","CHOQUE","Ciclista-Motociclista","VEHÍCULO","NO REPORTADO","NO REPORTADO","PEND. NOTIFICACIÓN","RURAL","NO REPORTADO","TRAMO DE VÍA","LLUVIA","NO REPORTA","VÍA SAN VICENTE EL PEÑOL","0","0","0","0","0","0"
"2014-06-22T00:00:00.000Z","14:01","h","OTRO","Ciclista-Motociclista","NO REPORTADO","NO REPORTADO","NO REPORTADO","PEND. NOTIFICACIÓN","RURAL","NO REPORTADO","TRAMO DE VÍA","NORMAL","CAICEDO","VEREDA ALTAVISTA","0","0","0","0","0","0"
"2014-07-04T00:00:00.000Z","11:01","d","VOLCAMIENTO","Ciclista-Motociclista","NO REPORTADO","NO REPORTADO","NO REPORTADO","PEND. NOTIFICACIÓN","RURAL","NO REPORTADO","TRAMO DE VÍA","NORMAL","CAICEDO","VEREDA ASESI","0","0","0","0","0","0"
"2014-07-04T00:00:00.000Z","14:01","h","CAÍDA OCUPANTE","Ciclista-Motociclista","NO REPORTADO","NO REPORTADO","NO REPORTADO","PEND. NOTIFICACIÓN","RURAL","NO REPORTADO","TRAMO DE VÍA","NORMAL","CAICEDO","VEREDA ALTAVISTA","0","0","0","0","0","0"
"2014-06-28T00:00:00.000Z","23:01","h","CAÍDA OCUPANTE","Ciclista-Motociclista","NO REPORTADO","NO REPORTADO","NO REPORTADO","PEND. NOTIFICACIÓN","URBANA","COMERCIAL","NO REPORTADO","NORMAL","CAICEDO","CALLE DEL COMERCIO, SECTOR LA FARMACIA","0","0","0","0","0","0"
"2014-06-30T00:00:00.000Z","18:01","h","CHOQUE","Ciclista-Motociclista","OBJETO FIJO","ÁRBOL","NO REPORTADO","PEND. NOTIFICACIÓN","RURAL","NO REPORTADO","TRAMO DE VÍA","NORMAL","CAICEDO","VEREDA  CASANOVA","0","0","0","0","0","0"
"2014-03-23T00:00:00.000Z","11:01","d","CHOQUE","Ciclista-Motociclista","VEHÍCULO","NO REPORTADO","NO REPORTADO","PEND. NOTIFICACIÓN","RURAL","NO REPORTADO","TRAMO DE VÍA","NORMAL","ABEJORRAL","VÍA EL BUEY COLMENAS KM 6","0","0","0","0","0","0"
"2015-11-28T00:00:00.000Z","11:11","d","CHOQUE","Ciclista-Motociclista","VEHÍCULO","NO REPORTADO","NO REPORTADO","FALLADO","RURAL","NO REPORTADO","TRAMO DE VÍA","NORMAL","FREDONIA","KILOMETRO 7 VÍA CAMILO C","0","0","0","0","0","0"
"2016-05-31T00:00:00.000Z","10:05","d","CHOQUE","Ciclista-Motociclista","VEHÍCULO","NO REPORTADO","NO REPORTADO","FALLADO","RURAL","NO REPORTADO","TRAMO DE VÍA","NORMAL","NO REPORTA","CURVA EL NUDILLO","0","0","0","0","0","0"
"2014-03-17T00:00:00.000Z","18:01","d","CHOQUE","Ciclista-Motociclista","VEHÍCULO","NO REPORTADO","NO REPORTADO","PEND. NOTIFICACIÓN","URBANA","RESIDENCIAL","TRAMO DE VÍA","NORMAL","NO REPORTA","CARRERA BOLÍVAR","0","0","0","0","0","0"
"2014-03-09T00:00:00.000Z","11:01","h","ATROPELLO","Ciclista-Motociclista","NO REPORTADO","NO REPORTADO","NO REPORTADO","PEND. NOTIFICACIÓN","URBANA","RESIDENCIAL","TRAMO DE VÍA","NORMAL","NO REPORTA","CALLE LÓPEZ","0","0","0","0","0","0"
"2014-06-02T00:00:00.000Z","08:01","d","CHOQUE","Ciclista-Motociclista","VEHÍCULO","NO REPORTADO","NO REPORTADO","FALLADO","RURAL","NO REPORTADO","TRAMO DE VÍA","NORMAL","GRANADA","VÍA GRANADA SAN CARLOS KM 9","0","0","0","0","0","0"
"2014-05-25T00:00:00.000Z","14:01","h","CAÍDA OCUPANTE","Ciclista-Motociclista","NO REPORTADO","NO REPORTADO","NO REPORTADO","PEND. NOTIFICACIÓN","RURAL","NO REPORTADO","PASO INFERIOR","NORMAL","NO REPORTA","VÍA GRANADA SAN CARLOS KM. 2","0","0","0","0","0","0"
"2014-10-21T00:00:00.000Z","18:01","h","ATROPELLO","Ciclista-Motociclista","NO REPORTADO","NO REPORTADO","NO REPORTADO","CONCILIADO","URBANA","RESIDENCIAL","TRAMO DE VÍA","NORMAL","AMAGA","CRA 51 CALLE","0","0","0","0","0","0"
"2014-07-20T00:00:00.000Z","13:01","h","CHOQUE","Ciclista-Motociclista","VEHÍCULO","NO REPORTADO","NO REPORTADO","PEND. NOTIFICACIÓN","RURAL","NO REPORTADO","TRAMO DE VÍA","NORMAL","CAICEDO","VÍA QUE CONDUCE A LA VEREDA LA MANGA","0","0","0","0","0","0"
"2014-07-24T00:00:00.000Z","10:01","h","CAÍDA OCUPANTE","Ciclista-Motociclista","NO REPORTADO","NO REPORTADO","NO REPORTADO","PEND. NOTIFICACIÓN","RURAL","NO REPORTADO","TRAMO DE VÍA","NORMAL","CAICEDO","VEREDA LA MANGA","0","0","0","0","0","0"
"2014-07-25T00:00:00.000Z","15:01","h","OTRO","Ciclista-Motociclista","NO REPORTADO","NO REPORTADO","NO REPORTADO","PEND. NOTIFICACIÓN","RURAL","NO REPORTADO","TRAMO DE VÍA","NORMAL","CAICEDO","VEREDA LA MANGA","0","0","0","0","0","0"
"2014-07-26T00:00:00.000Z","18:01","h","OTRO","Ciclista-Motociclista","NO REPORTADO","NO REPORTADO","NO REPORTADO","PEND. NOTIFICACIÓN","RURAL","NO REPORTADO","TRAMO DE VÍA","NORMAL","CAICEDO","VÍA QUE CONDUCE DE LA ZONA URBANA A LA VEREDA LA SOLEDAD","0","0","0","0","0","0"
"2014-08-01T00:00:00.000Z","06:01","h","OTRO","Ciclista-Motociclista","NO REPORTADO","NO REPORTADO","NO REPORTADO","PEND. NOTIFICACIÓN","RURAL","NO REPORTADO","TRAMO DE VÍA","NORMAL","CAICEDO","VEREDA LA SALAZAR","0","0","0","0","0","0"
"2014-08-01T00:00:00.000Z","20:01","h","CHOQUE","Ciclista-Motociclista","SEMOVIENTE","NO REPORTADO","NO REPORTADO","PEND. NOTIFICACIÓN","RURAL","NO REPORTADO","TRAMO DE VÍA","NORMAL","CAICEDO","VEREDA LA PIEDRA","0","0","0","0","0","0"
"2014-08-28T00:00:00.000Z","07:01","d","CHOQUE","Ciclista-Motociclista","VEHÍCULO","NO REPORTADO","NO REPORTADO","FALLADO","URBANA","RESIDENCIAL","TRAMO DE VÍA","LLUVIA","SAN VICENTE","VÍA SAN VICENTE CONCEPCIÓN","0","0","0","0","0","0"
"2014-08-31T00:00:00.000Z","19:01","d","CHOQUE","Ciclista-Motociclista","VEHÍCULO","NO REPORTADO","NO REPORTADO","CONCILIADO","URBANA","COMERCIAL","TRAMO DE VÍA","NORMAL","AMAGA","CALLE 51 NO 50","0","0","0","0","0","0"
"2015-02-18T00:00:00.000Z","02:02","d","CHOQUE","Ciclista-Motociclista","VEHÍCULO","NO REPORTADO","NO REPORTADO","FALLADO","RURAL","NO REPORTADO","TRAMO DE VÍA","NORMAL","FREDONIA","CURVA DEL DIABLO","0","0","0","0","0","0"
"2014-02-05T00:00:00.000Z","11:01","d","CHOQUE","Ciclista-Motociclista","VEHÍCULO","NO REPORTADO","NO REPORTADO","FALLADO","RURAL","NO REPORTADO","TRAMO DE VÍA","NORMAL","NO REPORTA","VÍA CAMILO C - FREDONIA KM 15","0","0","0","0","0","0"
"2014-07-04T00:00:00.000Z","11:01","d","CHOQUE","Ciclista-Motociclista","OBJETO FIJO","OTRO","NO REPORTADO","PEND. NOTIFICACIÓN","RURAL","NO REPORTADO","TRAMO DE VÍA","NORMAL","PEÑOL","VERDEA HORIZONTES KM16","0","0","0","0","0","0"
"2014-03-22T00:00:00.000Z","11:01","d","CHOQUE","Ciclista-Motociclista","VEHÍCULO","NO REPORTADO","NO REPORTADO","FALLADO","RURAL","NO REPORTADO","TRAMO DE VÍA","NORMAL","ABEJORRAL","KM 6","0","0","0","0","0","0"
"2014-12-28T00:00:00.000Z","13:12","d","CHOQUE","Ciclista-Motociclista","VEHÍCULO","NO REPORTADO","NO REPORTADO","FALLADO","URBANA","RESIDENCIAL","TRAMO DE VÍA","NORMAL","GUARNE","CARRERA 50","0","0","0","0","0","0"
"2015-04-30T00:00:00.000Z","14:04","d","CHOQUE","Ciclista-Motociclista","VEHÍCULO","NO REPORTADO","NO REPORTADO","PEND. NOTIFICACIÓN","RURAL","NO REPORTADO","TRAMO DE VÍA","NORMAL","CAICEDO","VÍA QUE DEL MUNICIPIO DE CAICEDO CONDUCE HACIA EL MUNICIPIO DE URRAO, VIA ASESI","0","0","0","0","0","0"
"2015-07-17T00:00:00.000Z","09:07","d","CHOQUE","Ciclista-Motociclista","VEHÍCULO","NO REPORTADO","NO REPORTADO","FALLADO","RURAL","NO REPORTADO","TRAMO DE VÍA","NORMAL","FREDONIA","VEREDA EL UVITL LA BALASTRERA","0","0","0","0","0","0"
"2015-12-27T00:00:00.000Z","15:12","d","CHOQUE","Ciclista-Motociclista","VEHÍCULO","NO REPORTADO","NO REPORTADO","FALLADO","RURAL","NO REPORTADO","TRAMO DE VÍA","NORMAL","FREDONIA","VEREDA EL CINCO","0","0","0","0","0","0"
"2014-05-25T00:00:00.000Z","11:01","h","ATROPELLO","Ciclista-Motociclista","NO REPORTADO","NO REPORTADO","NO REPORTADO","PEND. NOTIFICACIÓN","RURAL","NO REPORTADO","TRAMO DE VÍA","NORMAL","SAN JERÓNIMO","VEREDA LA LINCE","0","0","0","0","0","0"
"2015-01-02T00:00:00.000Z","18:01","d","CHOQUE","Ciclista-Motociclista","VEHÍCULO","NO REPORTADO","NO REPORTADO","FALLADO","RURAL","NO REPORTADO","TRAMO DE VÍA","NORMAL","GUARNE","CAMILO C FREDONIA","0","0","0","0","0","0"
"2016-07-23T00:00:00.000Z","15:07","d","CHOQUE","Ciclista-Motociclista","VEHÍCULO","NO REPORTADO","NO REPORTADO","PEND. NOTIFICACIÓN","RURAL","NO REPORTADO","TRAMO DE VÍA","LLUVIA","NO REPORTA","KILOMETRO 58+350 VÍA LA MASA PRIMAVERA","0","0","0","0","0","0"
"2014-04-17T00:00:00.000Z","09:01","m","CHOQUE","Ciclista-Motociclista","VEHÍCULO","NO REPORTADO","NO REPORTADO","FALLADO","RURAL","NO REPORTADO","TRAMO DE VÍA","NORMAL","NO REPORTA","VÍA DPTAL ANDES-BETANIA","0","0","0","0","0","0"
"2014-04-15T00:00:00.000Z","18:01","h","ATROPELLO","Ciclista-Motociclista","NO REPORTADO","NO REPORTADO","NO REPORTADO","FALLADO","RURAL","NO REPORTADO","TRAMO DE VÍA","LLUVIA","NO REPORTA","1","0","0","0","0","0","0"
"2014-04-23T00:00:00.000Z","16:01","h","CHOQUE","Ciclista-Motociclista","VEHÍCULO","NO REPORTADO","NO REPORTADO","FALLADO","URBANA","RESIDENCIAL","TRAMO DE VÍA","NORMAL","NO REPORTA","CARRERA 12 NARIÑO CON CALLE 10 VILLANUEVA","0","0","0","0","0","0"
"2014-08-31T00:00:00.000Z","17:01","h","CHOQUE","Ciclista-Motociclista","VEHÍCULO","NO REPORTADO","NO REPORTADO","FALLADO","URBANA","RESIDENCIAL","INTERSECCIÓN","NORMAL","FREDONIA","CRA 50 ENTRADA HOSPITAL","0","0","0","0","0","0"
"2014-06-11T00:00:00.000Z","09:01","d","CHOQUE","Ciclista-Motociclista","VEHÍCULO","NO REPORTADO","NO REPORTADO","FALLADO","URBANA","RESIDENCIAL","TRAMO DE VÍA","NORMAL","NO REPORTA","CALLE 50 NO.42-35","0","0","0","0","0","0"
"2014-06-22T00:00:00.000Z","10:01","h","CHOQUE","Ciclista-Motociclista","VEHÍCULO","NO REPORTADO","NO REPORTADO","PEND. NOTIFICACIÓN","RURAL","NO REPORTADO","TRAMO DE VÍA","NORMAL","CAICEDO","VEREDA ASESI","0","0","0","0","0","0"
"2014-09-06T00:00:00.000Z","09:01","d","OTRO","Ciclista-Motociclista","NO REPORTADO","NO REPORTADO","NO REPORTADO","PEND. NOTIFICACIÓN","RURAL","NO REPORTADO","TRAMO DE VÍA","NORMAL","VALPARAÍSO","SECTOR SABALETAS","0","0","0","0","0","0"
"2014-08-17T00:00:00.000Z","16:01","d","OTRO","Ciclista-Motociclista","NO REPORTADO","NO REPORTADO","NO REPORTADO","FALLADO","URBANA","COMERCIAL","TRAMO DE VÍA","NORMAL","VALPARAÍSO","CARRERA 9 CÓRDOBA CON CALLE 10 VILANUEVA","0","0","0","0","0","0"
"2014-10-02T00:00:00.000Z","07:01","d","CHOQUE","Ciclista-Motociclista","VEHÍCULO","NO REPORTADO","NO REPORTADO","FALLADO","URBANA","COMERCIAL","TRAMO DE VÍA","NORMAL","AMAGA","CARRERA 51 CALLE","0","0","0","0","0","0"
"2014-09-20T00:00:00.000Z","10:01","h","VOLCAMIENTO","Ciclista-Motociclista","NO REPORTADO","NO REPORTADO","NO REPORTADO","PEND. NOTIFICACIÓN","RURAL","NO REPORTADO","TRAMO DE VÍA","NORMAL","COCORNA","KM 5 VÍA EL RAMAL COCORNA","0","0","0","0","0","0"
"2014-10-23T00:00:00.000Z","11:01","h","VOLCAMIENTO","Ciclista-Motociclista","NO REPORTADO","NO REPORTADO","NO REPORTADO","PEND. NOTIFICACIÓN","RURAL","NO REPORTADO","TRAMO DE VÍA","NORMAL","SAN VICENTE","SAN VICENTE CONCEPCIÓN KM 5","0","0","0","0","0","0"
"2015-12-21T00:00:00.000Z","10:12","d","CHOQUE","Ciclista-Motociclista","VEHÍCULO","NO REPORTADO","NO REPORTADO","FALLADO","URBANA","COMERCIAL","TRAMO DE VÍA","NORMAL","FREDONIA","CUATRO ESQUINAS","0","0","0","0","0","0"
"2015-11-28T00:00:00.000Z","07:11","d","CHOQUE","Ciclista-Motociclista","OBJETO FIJO","BARANDA","NO REPORTADO","FALLADO","RURAL","NO REPORTADO","TRAMO DE VÍA","NORMAL","AMAGA","FREDONIA MEDELLÍN PUENTE LA BONITA","0","0","0","0","0","0"
"2014-02-13T00:00:00.000Z","07:01","h","VOLCAMIENTO","Ciclista-Motociclista","NO REPORTADO","NO REPORTADO","NO REPORTADO","PEND. NOTIFICACIÓN","RURAL","NO REPORTADO","TRAMO DE VÍA","LLUVIA","CARAMANTA","VEREDA SAN ANTONIO CARRETERA CARAMANTA SUCRE KM 5","0","0","0","0","0","0"
"2014-08-05T00:00:00.000Z","15:01","d","CHOQUE","Ciclista-Motociclista","VEHÍCULO","NO REPORTADO","NO REPORTADO","FALLADO","RURAL","NO REPORTADO","TRAMO DE VÍA","NORMAL","NO REPORTA","VÍA GRANADA SAN CARLOS RUTA 6016-1 KM 18","0","0","0","0","0","0"
"2014-09-28T00:00:00.000Z","04:01","d","VOLCAMIENTO","Ciclista-Motociclista","NO REPORTADO","NO REPORTADO","NO REPORTADO","PEND. FALLO","RURAL","NO REPORTADO","TRAMO DE VÍA","NORMAL","VALPARAÍSO","RUTA 25 01-2 KM 1+200","0","0","0","0","0","0"
"2014-10-18T00:00:00.000Z","18:01","d","CHOQUE","Ciclista-Motociclista","VEHÍCULO","NO REPORTADO","NO REPORTADO","FALLADO","URBANA","COMERCIAL","INTERSECCIÓN","NORMAL","BETANIA","CALLE 20 CARRERA 22","0","0","0","0","0","0"
"2014-10-08T00:00:00.000Z","18:01","h","CHOQUE","Ciclista-Motociclista","VEHÍCULO","NO REPORTADO","NO REPORTADO","FALLADO","RURAL","NO REPORTADO","TRAMO DE VÍA","NORMAL","BETANIA","VÍA DEPTAL, VRDA ITALIA, SECTOR VERSALLES, KMT 12","0","0","0","0","0","0"
"2014-10-25T00:00:00.000Z","12:01","h","CHOQUE","Ciclista-Motociclista","VEHÍCULO","NO REPORTADO","NO REPORTADO","PEND. NOTIFICACIÓN","RURAL","NO REPORTADO","TRAMO DE VÍA","NORMAL","NO REPORTA","PIÑUELA -SAN FRANCISCO","0","0","0","0","0","0"
"2014-08-29T00:00:00.000Z","11:01","h","VOLCAMIENTO","Ciclista-Motociclista","NO REPORTADO","NO REPORTADO","NO REPORTADO","PEND. NOTIFICACIÓN","RURAL","NO REPORTADO","TRAMO DE VÍA","NORMAL","NO REPORTA","VEREDA LOS POTREROS","0","0","0","0","0","0"
"2014-08-28T00:00:00.000Z","10:01","h","ATROPELLO","Ciclista-Motociclista","NO REPORTADO","NO REPORTADO","NO REPORTADO","PEND. NOTIFICACIÓN","RURAL","NO REPORTADO","TRAMO DE VÍA","LLUVIA","COCORNA","VEREDA EL VIADAL","0","0","0","0","0","0"
"2014-10-26T00:00:00.000Z","08:01","d","CHOQUE","Ciclista-Motociclista","VEHÍCULO","NO REPORTADO","NO REPORTADO","PEND. DECLARACIÓN","RURAL","NO REPORTADO","TRAMO DE VÍA","LLUVIA","BETANIA","VEREDA LAS PICAS KLMT 08","0","0","0","0","0","0"
"2014-04-02T00:00:00.000Z","17:01","h","CAÍDA OCUPANTE","Ciclista-Motociclista","NO REPORTADO","NO REPORTADO","NO REPORTADO","PEND. NOTIFICACIÓN","RURAL","NO REPORTADO","TRAMO DE VÍA","NORMAL","SAN LUIS","KM 0 CASCADA LA CUBA","0","0","0","0","0","0"
"2014-05-18T00:00:00.000Z","06:01","d","CHOQUE","Ciclista-Motociclista","OBJETO FIJO","MURO","NO REPORTADO","PEND. NOTIFICACIÓN","RURAL","NO REPORTADO","TRAMO DE VÍA","NORMAL","NO REPORTA","KM1","0","0","0","0","0","0"
"2014-07-01T00:00:00.000Z","07:01","m","CHOQUE","Ciclista-Motociclista","VEHÍCULO","NO REPORTADO","NO REPORTADO","PEND. NOTIFICACIÓN","RURAL","NO REPORTADO","TRAMO DE VÍA","LLUVIA","NO REPORTA","KM1","0","0","0","0","0","0"
"2014-07-21T00:00:00.000Z","19:01","h","CHOQUE","Ciclista-Motociclista","VEHÍCULO","NO REPORTADO","NO REPORTADO","PEND. NOTIFICACIÓN","RURAL","NO REPORTADO","TRAMO DE VÍA","NORMAL","SAN LUIS","KM 4","0","0","0","0","0","0"
"2014-10-05T00:00:00.000Z","08:01","h","CHOQUE","Ciclista-Motociclista","VEHÍCULO","NO REPORTADO","DEPORTIVA","FALLADO","RURAL","NO REPORTADO","TRAMO DE VÍA","NORMAL","GRANADA","VÍA GRANADA - SAN CARLOS KM. 6","0","0","0","0","0","0"