"fecha_accidente","hora_accidente","gravedad","clase_accidente","causante_accidente","descripcion_colisionante","descripcion_objeto_fijo","zona_accidente","descripcion_de_estado","area_accidente","sector_accidente","descripcion_localizacion","estado_clima","municipio","direccion_lugar","numero_victima_peaton","numero_victima_acompanante","numero_victima_pasajero","numero_victima_conductor","numero_victima_herido","numero_victima_muerto"
"2014-10-09T00:00:00.000Z","13:01","h","ATROPELLO","Ciclista-Motociclista","NO REPORTADO","NO REPORTADO","NO REPORTADO","PEND. NOTIFICACIÓN","URBANA","RESIDENCIAL","TRAMO DE VÍA","NORMAL","BURITICA","CALLE 7","0","0","0","0","0","0"
"2014-04-18T00:00:00.000Z","17:01","h","CHOQUE","Ciclista-Motociclista","VEHÍCULO","NO REPORTADO","NO REPORTADO","PEND. NOTIFICACIÓN","URBANA","COMERCIAL","INTERSECCIÓN","NORMAL","PEÑOL","VÍA PEÑOL-GUATAPE ENTRADA BARRIO COMUNEROS","0","0","0","0","0","0"
"2015-04-19T00:00:00.000Z","20:04","d","CHOQUE","Ciclista-Motociclista","VEHÍCULO","NO REPORTADO","NO REPORTADO","PEND. NOTIFICACIÓN","URBANA","RESIDENCIAL","TRAMO DE VÍA","NORMAL","VENECIA","VENECIA EL CINCO (MARIA MAYA)","0","0","0","0","0","0"
"2015-09-27T00:00:00.000Z","10:09","d","CHOQUE","Ciclista-Motociclista","VEHÍCULO","NO REPORTADO","NO REPORTADO","FALLADO","RURAL","NO REPORTADO","TRAMO DE VÍA","NORMAL","FREDONIA","FREDONIA AMAGA KM 00,500","0","0","0","0","0","0"
"2014-02-21T00:00:00.000Z","15:01","d","CHOQUE","Ciclista-Motociclista","VEHÍCULO","NO REPORTADO","NO REPORTADO","PEND. NOTIFICACIÓN","URBANA","RESIDENCIAL","INTERSECCIÓN","NORMAL","NO REPORTA","CARRERA 49 CON CALLE 52","0","0","0","0","0","0"
"2014-02-21T00:00:00.000Z","22:01","d","OTRO","Ciclista-Motociclista","NO REPORTADO","NO REPORTADO","NO REPORTADO","PEND. NOTIFICACIÓN","RURAL","NO REPORTADO","TRAMO DE VÍA","LLUVIA","NO REPORTA","RUTA 2509 KM. 24","0","0","0","0","0","0"
"2014-03-08T00:00:00.000Z","16:01","d","CHOQUE","Ciclista-Motociclista","VEHÍCULO","NO REPORTADO","NO REPORTADO","PEND. NOTIFICACIÓN","URBANA","RESIDENCIAL","TRAMO DE VÍA","LLUVIA","NO REPORTA","CARRERA 50 CON CALLE 48","0","0","0","0","0","0"
"2014-04-26T00:00:00.000Z","20:01","m","CHOQUE","Ciclista-Motociclista","OBJETO FIJO","ÁRBOL","NO REPORTADO","FALLADO","RURAL","NO REPORTADO","TRAMO DE VÍA","NORMAL","NO REPORTA","VÍA DPTAL HACIA MEDELLÍN SECTOR LAS PICAS 09","0","0","0","0","0","0"
"2014-02-28T00:00:00.000Z","20:01","h","CHOQUE","Ciclista-Motociclista","VEHÍCULO","NO REPORTADO","NO REPORTADO","PEND. NOTIFICACIÓN","URBANA","RESIDENCIAL","TRAMO DE VÍA","NORMAL","NO REPORTA","CRA 48","0","0","0","0","0","0"
"2014-03-30T00:00:00.000Z","13:01","h","CHOQUE","Ciclista-Motociclista","OBJETO FIJO","OTRO","NO REPORTADO","PEND. NOTIFICACIÓN","RURAL","NO REPORTADO","TRAMO DE VÍA","NORMAL","NO REPORTA","TÁMESIS HACIA PALERMO KLM 9","0","0","0","0","0","0"
"2014-03-06T00:00:00.000Z","18:01","h","CHOQUE","Ciclista-Motociclista","VEHÍCULO","NO REPORTADO","NO REPORTADO","FALLADO","RURAL","NO REPORTADO","TRAMO DE VÍA","NORMAL","NO REPORTA","TRONCAL DEL CAFÉ CURVA DEL DIABLO","0","0","0","0","0","0"
"2014-02-18T00:00:00.000Z","20:01","h","CHOQUE","Ciclista-Motociclista","VEHÍCULO","NO REPORTADO","NO REPORTADO","FALLADO","URBANA","RESIDENCIAL","INTERSECCIÓN","NORMAL","NO REPORTA","CARRERA 50 CON CALLE 52","0","0","0","0","0","0"
"2014-03-05T00:00:00.000Z","06:01","h","CHOQUE","Ciclista-Motociclista","VEHÍCULO","NO REPORTADO","NO REPORTADO","FALLADO","RURAL","NO REPORTADO","TRAMO DE VÍA","LLUVIA","NO REPORTA","TRONCAL DEL CAFÉ ESTACIÓN ZEUS","0","0","0","0","0","0"
"2014-06-23T00:00:00.000Z","16:01","h","CHOQUE","Ciclista-Motociclista","VEHÍCULO","NO REPORTADO","NO REPORTADO","FALLADO","RURAL","NO REPORTADO","TRAMO DE VÍA","NORMAL","AMAGA","VÍA CAMILO C FREDONIA KM 2","0","0","0","0","0","0"
"2014-07-01T00:00:00.000Z","12:01","d","CHOQUE","Ciclista-Motociclista","VEHÍCULO","NO REPORTADO","NO REPORTADO","CONCILIADO","URBANA","RESIDENCIAL","TRAMO DE VÍA","NORMAL","AMAGA","CARRERA 50 CON CALLE","0","0","0","0","0","0"
"2014-06-30T00:00:00.000Z","17:01","h","CHOQUE","Ciclista-Motociclista","VEHÍCULO","NO REPORTADO","NO REPORTADO","FALLADO","URBANA","RESIDENCIAL","INTERSECCIÓN","NORMAL","AMAGA","VÍA AMAGA MEDELLÍN KM 81+","0","0","0","0","0","0"
"2014-09-18T00:00:00.000Z","07:01","d","CHOQUE","Ciclista-Motociclista","OBJETO FIJO","INMUEBLE","NO REPORTADO","PEND. NOTIFICACIÓN","RURAL","NO REPORTADO","TRAMO DE VÍA","LLUVIA","FREDONIA","VÍA FREDONIA- AMAGA KILOMETRO 12","0","0","0","0","0","0"
"2014-02-01T00:00:00.000Z","18:01","h","CHOQUE","Ciclista-Motociclista","VEHÍCULO","NO REPORTADO","NO REPORTADO","PEND. NOTIFICACIÓN","RURAL","NO REPORTADO","TRAMO DE VÍA","NORMAL","SAN JERÓNIMO","GUAYACÁN KM21","0","0","0","0","0","0"
"2014-07-20T00:00:00.000Z","14:01","d","CHOQUE","Ciclista-Motociclista","VEHÍCULO","NO REPORTADO","NO REPORTADO","FALLADO","URBANA","COMERCIAL","INTERSECCIÓN","NORMAL","GRANADA","CARRERA 24 # 20-40","0","0","0","0","0","0"
"2015-06-08T00:00:00.000Z","14:06","d","CHOQUE","Ciclista-Motociclista","VEHÍCULO","NO REPORTADO","NO REPORTADO","PEND. NOTIFICACIÓN","RURAL","NO REPORTADO","TRAMO DE VÍA","NORMAL","COCORNA","VÍA COCORNA EL RAMAL KM2+300, VEREDA LA PLACETA","0","0","0","0","0","0"
"2015-06-07T00:00:00.000Z","19:06","d","CHOQUE","Ciclista-Motociclista","VEHÍCULO","NO REPORTADO","NO REPORTADO","PEND. NOTIFICACIÓN","URBANA","COMERCIAL","TRAMO DE VÍA","NORMAL","COCORNA","CALLE 21 CON CARRERA 21","0","0","0","0","0","0"
"2015-08-24T00:00:00.000Z","17:08","d","CHOQUE","Ciclista-Motociclista","VEHÍCULO","NO REPORTADO","NO REPORTADO","FALLADO","URBANA","COMERCIAL","TRAMO DE VÍA","NORMAL","FREDONIA","CRA 50 CALLE 49 DE FREDONIA","0","0","0","0","0","0"
"2015-12-24T00:00:00.000Z","11:12","d","CHOQUE","Ciclista-Motociclista","VEHÍCULO","NO REPORTADO","NO REPORTADO","FALLADO","URBANA","RESIDENCIAL","TRAMO DE VÍA","NORMAL","AMAGA","TIENDA DE VIDEO","0","0","0","0","0","0"
"2016-02-05T00:00:00.000Z","06:02","d","CHOQUE","Ciclista-Motociclista","OBJETO FIJO","BARANDA","NO REPORTADO","PEND. DECLARACIÓN","URBANA","RESIDENCIAL","TRAMO DE VÍA","LLUVIA","AMAGA","MANZA PRIMAVERA KM 79+780","0","0","0","0","0","0"
"2014-03-20T00:00:00.000Z","11:01","h","VOLCAMIENTO","Ciclista-Motociclista","NO REPORTADO","NO REPORTADO","NO REPORTADO","PEND. NOTIFICACIÓN","RURAL","NO REPORTADO","TRAMO DE VÍA","NORMAL","NO REPORTA","SECTOR LA QUICHIA - VALPARAISO","0","0","0","0","0","0"
"2014-04-27T00:00:00.000Z","08:01","h","CHOQUE","Ciclista-Motociclista","VEHÍCULO","NO REPORTADO","NO REPORTADO","PEND. NOTIFICACIÓN","RURAL","NO REPORTADO","TRAMO DE VÍA","NORMAL","NO REPORTA","KILÓMETRO 2","0","0","0","0","0","0"
"2014-03-25T00:00:00.000Z","15:01","d","CHOQUE","Ciclista-Motociclista","VEHÍCULO","NO REPORTADO","NO REPORTADO","FALLADO","RURAL","NO REPORTADO","TRAMO DE VÍA","NORMAL","NO REPORTA","PALOMOS","0","0","0","0","0","0"
"2014-03-02T00:00:00.000Z","19:01","h","CHOQUE","Ciclista-Motociclista","VEHÍCULO","NO REPORTADO","NO REPORTADO","FALLADO","RURAL","NO REPORTADO","TRAMO DE VÍA","NORMAL","NO REPORTA","VÍA AMAGA FREDONA","0","0","0","0","0","0"
"2014-03-24T00:00:00.000Z","17:01","h","CHOQUE","Ciclista-Motociclista","VEHÍCULO","NO REPORTADO","NO REPORTADO","FALLADO","RURAL","NO REPORTADO","TRAMO DE VÍA","NORMAL","NO REPORTA","LA Y CAMILO C","0","0","0","0","0","0"
"2014-05-31T00:00:00.000Z","19:01","h","VOLCAMIENTO","Ciclista-Motociclista","NO REPORTADO","NO REPORTADO","NO REPORTADO","PEND. NOTIFICACIÓN","URBANA","RESIDENCIAL","TRAMO DE VÍA","NORMAL","NO REPORTA","CARRERA SANTANDER","0","0","0","0","0","0"
"2014-07-05T00:00:00.000Z","14:01","h","CHOQUE","Ciclista-Motociclista","OBJETO FIJO","ÁRBOL","NO REPORTADO","FALLADO","RURAL","NO REPORTADO","TRAMO DE VÍA","NORMAL","BETANIA","SECTOR TRILLADORA VÍA DEPARTAMENTAL","0","0","0","0","0","0"
"2014-07-18T00:00:00.000Z","12:01","d","CHOQUE","Ciclista-Motociclista","VEHÍCULO","NO REPORTADO","NO REPORTADO","FALLADO","RURAL","NO REPORTADO","LOTE O PREDIO","NORMAL","AMAGA","VÍA AMAGA TITIRIBÍ KM 80","0","0","0","0","0","0"
"2014-05-23T00:00:00.000Z","17:01","h","CHOQUE","Ciclista-Motociclista","VEHÍCULO","NO REPORTADO","NO REPORTADO","FALLADO","URBANA","RESIDENCIAL","TRAMO DE VÍA","NORMAL","AMAGA","VÍA AMAGA MEDELLÍN","0","0","0","0","0","0"
"2014-02-16T00:00:00.000Z","10:01","h","ATROPELLO","Ciclista-Motociclista","NO REPORTADO","NO REPORTADO","NO REPORTADO","FALLADO","URBANA","RESIDENCIAL","TRAMO DE VÍA","NORMAL","AMAGA","CARRERA 50 SAN FERNANDO","0","0","0","0","0","0"
"2014-03-19T00:00:00.000Z","08:01","d","CHOQUE","Ciclista-Motociclista","VEHÍCULO","NO REPORTADO","NO REPORTADO","PEND. DECLARACIÓN","URBANA","RESIDENCIAL","TRAMO DE VÍA","NORMAL","AMAGA","SITIO LICEO SAN FERNANDO","0","0","0","0","0","0"
"2014-10-05T00:00:00.000Z","08:01","h","CHOQUE","Ciclista-Motociclista","VEHÍCULO","NO REPORTADO","NO REPORTADO","PEND. DECLARACIÓN","RURAL","NO REPORTADO","TRAMO DE VÍA","NORMAL","GRANADA","VÍA GRANADA-SAN CARLOS KM 6","0","0","0","0","0","0"
"2014-11-27T00:00:00.000Z","10:11","d","CHOQUE","Ciclista-Motociclista","VEHÍCULO","NO REPORTADO","NO REPORTADO","FALLADO","RURAL","NO REPORTADO","TRAMO DE VÍA","NORMAL","GUARNE","VÍA CARRETEABLE","0","0","0","0","0","0"
"2014-12-28T00:00:00.000Z","01:12","d","CHOQUE","Ciclista-Motociclista","VEHÍCULO","NO REPORTADO","NO REPORTADO","FALLADO","URBANA","RESIDENCIAL","TRAMO DE VÍA","NORMAL","GUARNE","PARQUE PRINCIPAL- FRENTE A SURTIMAX","0","0","0","0","0","0"
"2014-12-28T00:00:00.000Z","14:12","d","CHOQUE","Ciclista-Motociclista","VEHÍCULO","NO REPORTADO","NO REPORTADO","FALLADO","URBANA","RESIDENCIAL","INTERSECCIÓN","NORMAL","GUARNE","CALLE 46 CON CARRERA 48","0","0","0","0","0","0"
"2015-11-25T00:00:00.000Z","09:11","d","OTRO","Ciclista-Motociclista","NO REPORTADO","NO REPORTADO","NO REPORTADO","PEND. DECLARACIÓN","URBANA","COMERCIAL","TRAMO DE VÍA","NORMAL","FREDONIA","PARQUE PRINCIPAL DIAGONAL PARQUE","0","0","0","0","0","0"
"2014-12-24T00:00:00.000Z","13:12","d","CHOQUE","Ciclista-Motociclista","VEHÍCULO","NO REPORTADO","NO REPORTADO","FALLADO","RURAL","NO REPORTADO","TRAMO DE VÍA","NORMAL","GUARNE","VÍA DPTAL, CURVA FINCA LA MANUELA, VEREDA","0","0","0","0","0","0"
"2015-09-18T00:00:00.000Z","11:09","d","CHOQUE","Ciclista-Motociclista","VEHÍCULO","NO REPORTADO","NO REPORTADO","FALLADO","URBANA","RESIDENCIAL","TRAMO DE VÍA","NORMAL","FREDONIA","FREDONIA CRA 50 NO.50-35","0","0","0","0","0","0"
"2014-03-29T00:00:00.000Z","19:01","h","CHOQUE","Ciclista-Motociclista","OBJETO FIJO","OTRO","NO REPORTADO","FALLADO","RURAL","NO REPORTADO","TRAMO DE VÍA","NORMAL","NO REPORTA","KILOMETRO 19","0","0","0","0","0","0"
"2014-06-20T00:00:00.000Z","22:01","h","CHOQUE","Ciclista-Motociclista","VEHÍCULO","NO REPORTADO","NO REPORTADO","CONCILIADO","URBANA","RESIDENCIAL","TRAMO DE VÍA","NORMAL","NO REPORTA","VÍA AMAGÁ MEDELLÍN KM 80","0","0","0","0","0","0"
"2014-05-05T00:00:00.000Z","15:01","h","CHOQUE","Ciclista-Motociclista","VEHÍCULO","NO REPORTADO","NO REPORTADO","PEND. DECLARACIÓN","RURAL","NO REPORTADO","PASO A NIVEL","NORMAL","ABEJORRAL","VÍA ABEJORRAL-NARANJAL KM 18","0","0","0","0","0","0"
"2014-03-29T00:00:00.000Z","11:01","h","ATROPELLO","Ciclista-Motociclista","NO REPORTADO","NO REPORTADO","NO REPORTADO","PEND. NOTIFICACIÓN","RURAL","NO REPORTADO","TRAMO DE VÍA","NORMAL","SAN JERÓNIMO","SECTOR DEL TESORO","0","0","0","0","0","0"
"2014-09-24T00:00:00.000Z","17:01","h","ATROPELLO","Ciclista-Motociclista","NO REPORTADO","NO REPORTADO","NO REPORTADO","FALLADO","URBANA","RESIDENCIAL","TRAMO DE VÍA","NORMAL","AMAGA","VÍA LA MANZA PRIMAVERA","0","0","0","0","0","0"
"2014-08-18T00:00:00.000Z","16:01","d","CHOQUE","Ciclista-Motociclista","VEHÍCULO","NO REPORTADO","NO REPORTADO","PEND. NOTIFICACIÓN","URBANA","COMERCIAL","PUENTE","NORMAL","COCORNA","SECTOR LA MEDUSA","0","0","0","0","0","0"
"2015-01-04T00:00:00.000Z","17:01","d","CHOQUE","Ciclista-Motociclista","VEHÍCULO","NO REPORTADO","NO REPORTADO","CONCILIADO","URBANA","RESIDENCIAL","TRAMO DE VÍA","NORMAL","NO REPORTA","CARRERA 50 CALLE 46","0","0","0","0","0","0"
"2015-01-06T00:00:00.000Z","17:01","d","CHOQUE","Ciclista-Motociclista","VEHÍCULO","NO REPORTADO","NO REPORTADO","FALLADO","RURAL","NO REPORTADO","TRAMO DE VÍA","NORMAL","GUARNE","KM 00 VÍA AMAGA CAMILO C","0","0","0","0","0","0"
"2014-12-31T00:00:00.000Z","16:12","d","CHOQUE","Ciclista-Motociclista","VEHÍCULO","NO REPORTADO","NO REPORTADO","FALLADO","RURAL","NO REPORTADO","TRAMO DE VÍA","NORMAL","GUARNE","VÍA AMAGA BOLOMBOLO KM 81+300","0","0","0","0","0","0"
"2015-10-28T00:00:00.000Z","12:10","d","CHOQUE","Ciclista-Motociclista","VEHÍCULO","NO REPORTADO","NO REPORTADO","PEND. NOTIFICACIÓN","URBANA","COMERCIAL","INTERSECCIÓN","NORMAL","NO REPORTA","SECTOR EL COLEGIO","0","0","0","0","0","0"
"2014-05-21T00:00:00.000Z","16:01","h","ATROPELLO","Ciclista-Motociclista","NO REPORTADO","NO REPORTADO","NO REPORTADO","FALLADO","URBANA","COMERCIAL","TRAMO DE VÍA","NORMAL","AMAGA","ENTRA LA CALLE 49 Y LA CARRERA","0","0","0","0","0","0"
"2014-05-28T00:00:00.000Z","16:01","d","CHOQUE","Ciclista-Motociclista","VEHÍCULO","NO REPORTADO","NO REPORTADO","FALLADO","RURAL","NO REPORTADO","TRAMO DE VÍA","NORMAL","AMAGA","50 MTS ANTES DE LA FINCA EL PARNAZO","0","0","0","0","0","0"
"2014-07-19T00:00:00.000Z","18:01","h","CHOQUE","Ciclista-Motociclista","VEHÍCULO","NO REPORTADO","NO REPORTADO","FALLADO","URBANA","RESIDENCIAL","TRAMO DE VÍA","NORMAL","SAN VICENTE","SAN VICENTE CONCEPCIÓN AVENIDA GUILLERMO GAVIRIA","0","0","0","0","0","0"
"2014-08-24T00:00:00.000Z","18:01","h","CAÍDA OCUPANTE","Ciclista-Motociclista","NO REPORTADO","NO REPORTADO","NO REPORTADO","PEND. NOTIFICACIÓN","RURAL","NO REPORTADO","TRAMO DE VÍA","NORMAL","CAICEDO","SECTOR EL VAHO","0","0","0","0","0","0"
"2014-07-17T00:00:00.000Z","07:01","h","CHOQUE","Ciclista-Motociclista","VEHÍCULO","NO REPORTADO","NO REPORTADO","CONCILIADO","RURAL","NO REPORTADO","TRAMO DE VÍA","NORMAL","PEÑOL","VEREDA EL MORRO, SECTOR LOS PLANES","0","0","0","0","0","0"
"2015-02-03T00:00:00.000Z","13:02","d","VOLCAMIENTO","Ciclista-Motociclista","NO REPORTADO","NO REPORTADO","NO REPORTADO","PEND. NOTIFICACIÓN","URBANA","RESIDENCIAL","TRAMO DE VÍA","NORMAL","VENECIA","POR EL COLEGIO URIBE GAVIRIA , SECTOR REMOLINO","0","0","0","0","0","0"
"2015-11-07T00:00:00.000Z","17:11","d","CHOQUE","Ciclista-Motociclista","VEHÍCULO","NO REPORTADO","NO REPORTADO","PEND. NOTIFICACIÓN","RURAL","NO REPORTADO","TRAMO DE VÍA","NORMAL","COCORNA","VÍA LA PIÑUELA-SAN FRANCISCO KM 1+500","0","0","0","0","0","0"
"2015-06-30T00:00:00.000Z","17:06","d","CHOQUE","Ciclista-Motociclista","VEHÍCULO","NO REPORTADO","NO REPORTADO","FALLADO","RURAL","NO REPORTADO","TRAMO DE VÍA","NORMAL","NO REPORTA","SANTA ISABEL","0","0","0","0","0","0"
"2016-09-15T00:00:00.000Z","06:09","d","CHOQUE","Ciclista-Motociclista","VEHÍCULO","NO REPORTADO","NO REPORTADO","PEND. NOTIFICACIÓN","RURAL","NO REPORTADO","TRAMO DE VÍA","NORMAL","GUARNE","VÍA TÁMESIS-LA PINTADA, ENTRADA A FRUDELCA","0","0","0","0","0","0"
"2017-01-15T00:00:00.000Z","17:01","d","CHOQUE","Ciclista-Motociclista","VEHÍCULO","NO REPORTADO","NO REPORTADO","PEND. NOTIFICACIÓN","RURAL","NO REPORTADO","TRAMO DE VÍA","LLUVIA","NO REPORTA","VÍA QUE CONDUCE HACIA EL CORREGIMIENTO DE BOLOMBOLO","0","0","0","0","0","0"
"2017-02-02T00:00:00.000Z","18:02","d","CHOQUE","Ciclista-Motociclista","VEHÍCULO","NO REPORTADO","NO REPORTADO","FALLADO","URBANA","RESIDENCIAL","PUENTE","NORMAL","FREDONIA","VÍA AMAGA - FREDONIA KILOMETRO 16+100","0","0","0","0","0","0"
"2016-12-11T00:00:00.000Z","11:12","d","CHOQUE","Ciclista-Motociclista","VEHÍCULO","NO REPORTADO","NO REPORTADO","PEND. DECLARACIÓN","RURAL","NO REPORTADO","GLORIETA","NORMAL","NO REPORTA","VÍA ABEJORRAL- MEDELLÍN KILOMETRO 34+45","0","0","0","0","0","0"
"2016-12-18T00:00:00.000Z","02:12","d","CHOQUE","Ciclista-Motociclista","VEHÍCULO","NO REPORTADO","NO REPORTADO","PEND. NOTIFICACIÓN","URBANA","RESIDENCIAL","TRAMO DE VÍA","NORMAL","SOPETRAN","SECTOR EL TALU CLL 4#14F-103","0","0","0","0","0","0"
"2016-09-19T00:00:00.000Z","15:09","d","OTRO","Ciclista-Motociclista","NO REPORTADO","NO REPORTADO","NO REPORTADO","PEND. NOTIFICACIÓN","URBANA","RESIDENCIAL","TRAMO DE VÍA","NORMAL","GUARNE","CALLE 44 CON CARRERA 49","0","0","0","0","0","0"
"2016-09-18T00:00:00.000Z","10:09","d","CHOQUE","Ciclista-Motociclista","VEHÍCULO","NO REPORTADO","NO REPORTADO","FALLADO","URBANA","RESIDENCIAL","TRAMO DE VÍA","NORMAL","GUARNE","VÍA CALLE 10 CRA 8","0","0","0","0","0","0"
"2016-12-01T00:00:00.000Z","10:12","d","CHOQUE","Ciclista-Motociclista","OBJETO FIJO","OTRO","NO REPORTADO","PEND. NOTIFICACIÓN","RURAL","NO REPORTADO","TRAMO DE VÍA","LLUVIA","NO REPORTA","VÍA QUE CONDUCE DESDE BOLOMBOLO A LA CIUDAD DE MEDELLÍN","0","0","0","0","0","0"
"2016-10-15T00:00:00.000Z","10:10","d","CHOQUE","Ciclista-Motociclista","VEHÍCULO","NO REPORTADO","NO REPORTADO","FALLADO","RURAL","NO REPORTADO","TRAMO DE VÍA","NORMAL","FREDONIA","CARRETERA PRINCIPAL VÍA FREDONIA MEDELLÍN","0","0","0","0","0","0"
"2016-09-19T00:00:00.000Z","11:09","d","CHOQUE","Ciclista-Motociclista","VEHÍCULO","NO REPORTADO","NO REPORTADO","PEND. NOTIFICACIÓN","URBANA","RESIDENCIAL","TRAMO DE VÍA","NORMAL","GUARNE","CARRERA 21 SANTANDER - MUNICIPIO DE TIRITIRÍ","0","0","0","0","0","0"
"2016-10-27T00:00:00.000Z","09:10","d","CHOQUE","Ciclista-Motociclista","VEHÍCULO","NO REPORTADO","NO REPORTADO","PEND. DECLARACIÓN","URBANA","COMERCIAL","TRAMO DE VÍA","NORMAL","GUARNE","VÍA ABEJORRAL EL GUICO,  TIENDA LA ECONÓMICA","0","0","0","0","0","0"
"2016-09-25T00:00:00.000Z","10:09","d","CHOQUE","Ciclista-Motociclista","VEHÍCULO","NO REPORTADO","NO REPORTADO","PEND. NOTIFICACIÓN","URBANA","RESIDENCIAL","TRAMO DE VÍA","NORMAL","GUARNE","SOPETRAN TAFETANES PARTE BAJA","0","0","0","0","0","0"
"2016-12-19T00:00:00.000Z","17:12","d","CHOQUE","Ciclista-Motociclista","VEHÍCULO","NO REPORTADO","NO REPORTADO","PEND. NOTIFICACIÓN","RURAL","NO REPORTADO","TRAMO DE VÍA","NORMAL","GUARNE","VÍA TÁMESIS- LA PINTADA, KILÓMETRO 0+600","0","0","0","0","0","0"
"2016-12-25T00:00:00.000Z","06:12","d","CHOQUE","Ciclista-Motociclista","VEHÍCULO","NO REPORTADO","NO REPORTADO","PEND. NOTIFICACIÓN","RURAL","NO REPORTADO","TRAMO DE VÍA","LLUVIA","NO REPORTA","VEREDA EL LÍBANO, RUTA 125 N°. 01","0","0","0","0","0","0"
"2016-11-30T00:00:00.000Z","10:11","d","CHOQUE","Ciclista-Motociclista","VEHÍCULO","NO REPORTADO","NO REPORTADO","PEND. NOTIFICACIÓN","RURAL","NO REPORTADO","TRAMO DE VÍA","NORMAL","NO REPORTA","VÍA GUATAPE - PEÑOL KILOMETRO 30+700","0","0","0","0","0","0"
"2016-07-29T00:00:00.000Z","05:07","d","CHOQUE","Ciclista-Motociclista","OBJETO FIJO","BARANDA","NO REPORTADO","PEND. NOTIFICACIÓN","RURAL","NO REPORTADO","TRAMO DE VÍA","NORMAL","NO REPORTA","SECTOR MANGO MACHO VÍA LA MASA PRIMAVERA","0","0","0","0","0","0"
"2016-10-17T00:00:00.000Z","13:10","d","CHOQUE","Ciclista-Motociclista","VEHÍCULO","NO REPORTADO","NO REPORTADO","FALLADO","RURAL","NO REPORTADO","TRAMO DE VÍA","NORMAL","GUARNE","VÍA PRINCIPAL CARRETERA FREDONIA MEDELLÍN","0","0","0","0","0","0"
"2016-11-11T00:00:00.000Z","12:11","d","CHOQUE","Ciclista-Motociclista","VEHÍCULO","NO REPORTADO","NO REPORTADO","FALLADO","RURAL","NO REPORTADO","TRAMO DE VÍA","NORMAL","FREDONIA","RUTA 60AN 09 VÍA AMAGA - FREDONIA KM 7+280","0","0","0","0","0","0"
"2016-11-24T00:00:00.000Z","13:11","d","CHOQUE","Ciclista-Motociclista","VEHÍCULO","NO REPORTADO","NO REPORTADO","FALLADO","RURAL","NO REPORTADO","TRAMO DE VÍA","NORMAL","FREDONIA","RUTA60AN09KM 7+800 VÍA AMAGA-FREDONIA","0","0","0","0","0","0"
"2016-12-13T00:00:00.000Z","23:12","d","INCENDIO","Ciclista-Motociclista","NO REPORTADO","NO REPORTADO","NO REPORTADO","PEND. NOTIFICACIÓN","RURAL","NO REPORTADO","TRAMO DE VÍA","LLUVIA","NO REPORTA","0","0","0","0","0","0","0"
"2016-10-14T00:00:00.000Z","13:10","d","OTRO","Ciclista-Motociclista","NO REPORTADO","NO REPORTADO","NO REPORTADO","PEND. NOTIFICACIÓN","RURAL","NO REPORTADO","TRAMO DE VÍA","NORMAL","GUARNE","VÍA SOPETRAN OLAYA","0","0","0","0","0","0"
"2016-11-20T00:00:00.000Z","12:11","d","CHOQUE","Ciclista-Motociclista","VEHÍCULO","NO REPORTADO","NO REPORTADO","PEND. NOTIFICACIÓN","URBANA","RESIDENCIAL","TRAMO DE VÍA","NORMAL","NO REPORTA","CRA 14 #9-82","0","0","0","0","0","0"
"2016-11-04T00:00:00.000Z","16:11","d","CHOQUE","Ciclista-Motociclista","VEHÍCULO","NO REPORTADO","NO REPORTADO","FALLADO","RURAL","NO REPORTADO","TRAMO DE VÍA","LLUVIA","FREDONIA","RUTA 60AN09 VÍA FREDONIA-AMAGA KILOMETRO 11+380","0","0","0","0","0","0"
"2016-09-20T00:00:00.000Z","15:09","d","CHOQUE","Ciclista-Motociclista","VEHÍCULO","NO REPORTADO","NO REPORTADO","PEND. DECLARACIÓN","RURAL","NO REPORTADO","TRAMO DE VÍA","NORMAL","GUARNE","VÍA ABEJORRAL- MEDELLÍN KM22+300","0","0","0","0","0","0"
"2016-09-16T00:00:00.000Z","11:09","d","CHOQUE","Ciclista-Motociclista","VEHÍCULO","NO REPORTADO","NO REPORTADO","FALLADO","RURAL","NO REPORTADO","TRAMO DE VÍA","NORMAL","GUARNE","RUTA 25BAN 01 KILOMETRO 09+550 VÍA FREDONIA - PUENTE IGLESIAS","0","0","0","0","0","0"
"2016-10-23T00:00:00.000Z","22:10","d","OTRO","Ciclista-Motociclista","NO REPORTADO","NO REPORTADO","NO REPORTADO","PEND. NOTIFICACIÓN","URBANA","RESIDENCIAL","TRAMO DE VÍA","NORMAL","GUARNE","CALLE 10CRA 11 SOPETRAN","0","0","0","0","0","0"