"fecha_accidente","hora_accidente","gravedad","clase_accidente","causante_accidente","descripcion_colisionante","descripcion_objeto_fijo","zona_accidente","descripcion_de_estado","area_accidente","sector_accidente","descripcion_localizacion","estado_clima","municipio","direccion_lugar","numero_victima_peaton","numero_victima_acompanante","numero_victima_pasajero","numero_victima_conductor","numero_victima_herido","numero_victima_muerto"
"2017-01-25T00:00:00.000Z","13:01","d","CHOQUE","Ciclista-Motociclista","VEHÍCULO","NO REPORTADO","NO REPORTADO","PEND. NOTIFICACIÓN","RURAL","NO REPORTADO","TRAMO DE VÍA","NORMAL","TITIRIBÍ","VÍA QUE CONDUCE AL MUNICIPIO DE TITIRIBÍ - BOLOMBOLO","0","0","0","0","0","0"
"2016-11-14T00:00:00.000Z","15:11","d","CHOQUE","Ciclista-Motociclista","VEHÍCULO","NO REPORTADO","NO REPORTADO","FALLADO","RURAL","NO REPORTADO","TRAMO DE VÍA","LLUVIA","AMAGA","MEDELLÍN AMAGÁ KM 81+100","0","0","0","0","0","0"
"2016-11-29T00:00:00.000Z","11:11","d","CHOQUE","Ciclista-Motociclista","VEHÍCULO","NO REPORTADO","NO REPORTADO","PEND. NOTIFICACIÓN","URBANA","RESIDENCIAL","TRAMO DE VÍA","NORMAL","NO REPORTA","VÍA SOPETRAN MEDELLÍN","0","0","0","0","0","0"
"2017-01-07T00:00:00.000Z","15:01","d","CHOQUE","Ciclista-Motociclista","VEHÍCULO","NO REPORTADO","NO REPORTADO","PEND. NOTIFICACIÓN","RURAL","NO REPORTADO","TRAMO DE VÍA","NORMAL","NO REPORTA","TAFETANES","0","0","0","0","0","0"
"2016-09-26T00:00:00.000Z","06:09","d","CHOQUE","Ciclista-Motociclista","VEHÍCULO","NO REPORTADO","NO REPORTADO","PEND. NOTIFICACIÓN","URBANA","RESIDENCIAL","TRAMO DE VÍA","NORMAL","GUARNE","VÍA LIBORINA SOPETRAN","0","0","0","0","0","0"
"2016-12-25T00:00:00.000Z","13:12","d","CHOQUE","Ciclista-Motociclista","VEHÍCULO","NO REPORTADO","NO REPORTADO","FALLADO","RURAL","NO REPORTADO","INTERSECCIÓN","NORMAL","AMAGA","AMAGA FREDONIA KM0+150","0","0","0","0","0","0"
"2017-01-12T00:00:00.000Z","12:01","d","CHOQUE","Ciclista-Motociclista","VEHÍCULO","NO REPORTADO","NO REPORTADO","PEND. DECLARACIÓN","RURAL","NO REPORTADO","TRAMO DE VÍA","NORMAL","ABEJORRAL","VÍA ABEJORRAL-MEDELLÍN KM32 +300","0","0","0","0","0","0"
"2016-10-09T00:00:00.000Z","10:10","d","CHOQUE","Ciclista-Motociclista","VEHÍCULO","NO REPORTADO","NO REPORTADO","PEND. DECLARACIÓN","URBANA","RESIDENCIAL","TRAMO DE VÍA","NORMAL","GUARNE","CALLE 51 AL FRENTE DE LA VIVIENDA DE DIRECCIÓN NRO.49-55","0","0","0","0","0","0"
"2016-10-13T00:00:00.000Z","17:10","d","CHOQUE","Ciclista-Motociclista","VEHÍCULO","NO REPORTADO","NO REPORTADO","FALLADO","RURAL","NO REPORTADO","TRAMO DE VÍA","NORMAL","GUARNE","CARRETERA PRINCIPAL VÍA HACIA MEDELLÍN","0","0","0","0","0","0"
"2016-09-24T00:00:00.000Z","22:09","d","CHOQUE","Ciclista-Motociclista","OBJETO FIJO","MURO","NO REPORTADO","PEND. NOTIFICACIÓN","URBANA","RESIDENCIAL","TRAMO DE VÍA","NORMAL","CAICEDO","CALLE 6 CON DIAGONAL 5A-33","0","0","0","0","0","0"
"2016-09-24T00:00:00.000Z","16:09","d","CHOQUE","Ciclista-Motociclista","VEHÍCULO","NO REPORTADO","NO REPORTADO","PEND. NOTIFICACIÓN","RURAL","NO REPORTADO","TRAMO DE VÍA","NORMAL","GUARNE","VÍA SOPETRAN MEDELLÍN","0","0","0","0","0","0"
"2016-10-24T00:00:00.000Z","12:10","d","CHOQUE","Ciclista-Motociclista","VEHÍCULO","NO REPORTADO","NO REPORTADO","FALLADO","URBANA","RESIDENCIAL","TRAMO DE VÍA","NORMAL","GUARNE","CALLE 32 SALIDA CALLE 31","0","0","0","0","0","0"
"2016-10-25T00:00:00.000Z","12:10","d","CHOQUE","Ciclista-Motociclista","VEHÍCULO","NO REPORTADO","NO REPORTADO","PEND. FALLO","RURAL","NO REPORTADO","TRAMO DE VÍA","NORMAL","GUARNE","VÍA GUATAPE -SAN RAFAEL, KILOMETRO 16+050","0","0","0","0","0","0"
"2017-01-28T00:00:00.000Z","18:01","d","CHOQUE","Ciclista-Motociclista","VEHÍCULO","NO REPORTADO","NO REPORTADO","PEND. NOTIFICACIÓN","URBANA","RESIDENCIAL","TRAMO DE VÍA","NORMAL","SOPETRAN","SECTOR LLANO DE MONTAÑA","0","0","0","0","0","0"
"2017-01-18T00:00:00.000Z","06:01","d","CHOQUE","Ciclista-Motociclista","VEHÍCULO","NO REPORTADO","NO REPORTADO","FALLADO","RURAL","NO REPORTADO","TRAMO DE VÍA","LLUVIA","FREDONIA","RUTA 60 AN09 VÍA AMAGA-FREDONIA KILOMETRO 15+357","0","0","0","0","0","0"
"2016-10-18T00:00:00.000Z","14:10","d","CHOQUE","Ciclista-Motociclista","OBJETO FIJO","MURO","NO REPORTADO","FALLADO","RURAL","NO REPORTADO","PUENTE","LLUVIA","GUARNE","CORREGIMIENTO PALOMOS VÍA HACIA LA CIUDAD DE MEDELLÍN","0","0","0","0","0","0"
"2016-10-22T00:00:00.000Z","15:10","d","CHOQUE","Ciclista-Motociclista","VEHÍCULO","NO REPORTADO","NO REPORTADO","PEND. NOTIFICACIÓN","RURAL","NO REPORTADO","TRAMO DE VÍA","LLUVIA","GUARNE","CARRETERA PRINCIPAL VÍA FREDONIA MEDELLÍN","0","0","0","0","0","0"
"2016-10-21T00:00:00.000Z","11:10","d","CHOQUE","Ciclista-Motociclista","VEHÍCULO","NO REPORTADO","NO REPORTADO","FALLADO","RURAL","NO REPORTADO","TRAMO DE VÍA","NORMAL","GUARNE","CARRETERA PRINCIPAL VÍA FREDONIA AMAGA KM 11+650 SECTOR PALOMOS","0","0","0","0","0","0"
"2017-01-27T00:00:00.000Z","10:01","d","CHOQUE","Ciclista-Motociclista","OBJETO FIJO","OTRO","NO REPORTADO","FALLADO","URBANA","RESIDENCIAL","TRAMO DE VÍA","NORMAL","FREDONIA","CARRERA 50# 61-66 AVENIDA SANTANDER LA POLVERA FREDONIA","0","0","0","0","0","0"
"2017-01-11T00:00:00.000Z","08:01","d","CHOQUE","Ciclista-Motociclista","VEHÍCULO","NO REPORTADO","NO REPORTADO","PEND. NOTIFICACIÓN","RURAL","NO REPORTADO","TRAMO DE VÍA","NORMAL","NO REPORTA","VEREDA TAFETANES","0","0","0","0","0","0"
"2016-09-27T00:00:00.000Z","12:09","d","CHOQUE","Ciclista-Motociclista","OBJETO FIJO","MURO","NO REPORTADO","PEND. NOTIFICACIÓN","RURAL","NO REPORTADO","PUENTE","NORMAL","GUARNE","VÍA FREDONIA AMAGA","0","0","0","0","0","0"
"2016-11-18T00:00:00.000Z","16:11","d","CHOQUE","Ciclista-Motociclista","VEHÍCULO","NO REPORTADO","NO REPORTADO","FALLADO","RURAL","NO REPORTADO","TRAMO DE VÍA","LLUVIA","FREDONIA","RUTA 60-09 VÍA AMAGA-FREDONIA KM12+829","0","0","0","0","0","0"
"2016-11-27T00:00:00.000Z","13:11","d","CHOQUE","Ciclista-Motociclista","VEHÍCULO","NO REPORTADO","NO REPORTADO","PEND. NOTIFICACIÓN","URBANA","RESIDENCIAL","TRAMO DE VÍA","NORMAL","NO REPORTA","VEREDA LA BRUÑERA-PARTE MEDIA","0","0","0","0","0","0"
"2016-12-10T00:00:00.000Z","08:12","d","CHOQUE","Ciclista-Motociclista","OBJETO FIJO","ÁRBOL","NO REPORTADO","PEND. NOTIFICACIÓN","RURAL","NO REPORTADO","TRAMO DE VÍA","LLUVIA","NO REPORTA","VÍA QUE CONDUCE TITIRIBÍ BOLOMBOLO","0","0","0","0","0","0"
"2016-11-17T00:00:00.000Z","03:11","d","CHOQUE","Ciclista-Motociclista","VEHÍCULO","NO REPORTADO","NO REPORTADO","PEND. DECLARACIÓN","URBANA","RESIDENCIAL","TRAMO DE VÍA","NORMAL","NO REPORTA","CARRERA 52 CON CALLE 48","0","0","0","0","0","0"
"2016-10-29T00:00:00.000Z","17:10","d","VOLCAMIENTO","Ciclista-Motociclista","NO REPORTADO","NO REPORTADO","NO REPORTADO","PEND. NOTIFICACIÓN","URBANA","INDUSTRIAL","TRAMO DE VÍA","NORMAL","NO REPORTA","KM 20+800 AUTOPISTA MEDELLÍN BOGOTÁ","0","0","0","0","0","0"
"2017-12-25T00:00:00.000Z","19:12","d","CHOQUE","Ciclista-Motociclista","VEHÍCULO","NO REPORTADO","NO REPORTADO","FALLADO","URBANA","RESIDENCIAL","TRAMO DE VÍA","NORMAL","NO REPORTA","RUTA 6003 KM 81+950","0","0","0","0","0","0"
"2019-04-19T00:00:00.000Z","14:04","d","CHOQUE","Ciclista-Motociclista","VEHÍCULO","NO REPORTADO","NO REPORTADO","PEND. NOTIFICACIÓN","URBANA","RESIDENCIAL","TRAMO DE VÍA","NORMAL","NO REPORTA","VEREDA PIEDRAS BLANCAS","0","0","0","0","0","0"
"2021-09-22T00:00:00.000Z","09:09","d","VOLCAMIENTO","Ciclista-Motociclista","NO REPORTADO","NO REPORTADO","NO REPORTADO","PEND. NOTIFICACIÓN","RURAL","NO REPORTADO","TRAMO DE VÍA","LLUVIA","NO REPORTA","VEREDA LA CUBA","0","0","0","0","0","0"
"2019-02-19T00:00:00.000Z","16:02","d","CHOQUE","Ciclista-Motociclista","VEHÍCULO","NO REPORTADO","NO REPORTADO","PEND. NOTIFICACIÓN","RURAL","NO REPORTADO","TRAMO DE VÍA","NORMAL","NO REPORTA","KILOMETRO 4 + 175 VEREDA PIEDRAS BLANCAS","0","0","0","0","0","0"
"2018-08-16T00:00:00.000Z","16:08","d","CHOQUE","Ciclista-Motociclista","VEHÍCULO","NO REPORTADO","NO REPORTADO","PEND. NOTIFICACIÓN","RURAL","NO REPORTADO","TRAMO DE VÍA","NORMAL","NO REPORTA","VÍA A PIEDRAS BLANCAS KM 0 + 350","0","0","0","0","0","0"
"2017-09-26T00:00:00.000Z","15:09","d","CHOQUE","Ciclista-Motociclista","OBJETO FIJO","ÁRBOL","NO REPORTADO","PEND. NOTIFICACIÓN","RURAL","NO REPORTADO","TRAMO DE VÍA","NORMAL","JERICÓ","KM 25+176","0","0","0","0","0","0"
"2019-10-03T00:00:00.000Z","19:10","d","CHOQUE","Ciclista-Motociclista","VEHÍCULO","NO REPORTADO","NO REPORTADO","PEND. NOTIFICACIÓN","URBANA","RESIDENCIAL","TRAMO DE VÍA","NORMAL","NO REPORTA","CALLE 50 CON CRA 50-05 - BARRIO MARIA AUXILIADORA","0","0","0","0","0","0"
"2019-10-25T00:00:00.000Z","16:10","d","CHOQUE","Ciclista-Motociclista","OBJETO FIJO","ÁRBOL","NO REPORTADO","PEND. NOTIFICACIÓN","RURAL","NO REPORTADO","TRAMO DE VÍA","NORMAL","GUARNE","VEREDA PIEDRAS BLANCAS","0","0","0","0","0","0"
"2019-10-15T00:00:00.000Z","06:10","d","CHOQUE","Ciclista-Motociclista","VEHÍCULO","NO REPORTADO","NO REPORTADO","PEND. NOTIFICACIÓN","RURAL","NO REPORTADO","TRAMO DE VÍA","NORMAL","GUARNE","VEREDA CHAPARRAL - SECTOR CUATRO ESQUINAS","0","0","0","0","0","0"
"2021-09-30T00:00:00.000Z","07:09","d","CHOQUE","Ciclista-Motociclista","VEHÍCULO","NO REPORTADO","NO REPORTADO","PEND. NOTIFICACIÓN","RURAL","NO REPORTADO","TRAMO DE VÍA","NORMAL","ABEJORRAL","VÍA QUE COMUNICA ABEJORRAL - LA CEJA KILOMETRO 7 + 800","0","0","0","0","0","0"
"2018-11-04T00:00:00.000Z","10:11","d","CHOQUE","Ciclista-Motociclista","OBJETO FIJO","VEHÍCULO ESTACIONADO","NO REPORTADO","PEND. NOTIFICACIÓN","URBANA","COMERCIAL","LOTE O PREDIO","NORMAL","LA UNIÓN","CALLE 16 #15-35","0","0","0","0","0","0"
"2018-12-13T00:00:00.000Z","17:12","d","CHOQUE","Ciclista-Motociclista","VEHÍCULO","NO REPORTADO","NO REPORTADO","PEND. NOTIFICACIÓN","RURAL","NO REPORTADO","TRAMO DE VÍA","NORMAL","NO REPORTA","VEREDA LA SELVA","0","0","0","0","0","0"
"2018-12-02T00:00:00.000Z","01:12","d","CHOQUE","Ciclista-Motociclista","OBJETO FIJO","MURO","NO REPORTADO","PEND. NOTIFICACIÓN","URBANA","RESIDENCIAL","LOTE O PREDIO","NORMAL","LA UNIÓN","CALLE 1310-45","0","0","0","0","0","0"
"2019-04-20T00:00:00.000Z","12:04","d","CHOQUE","Ciclista-Motociclista","VEHÍCULO","NO REPORTADO","NO REPORTADO","PEND. NOTIFICACIÓN","URBANA","RESIDENCIAL","TRAMO DE VÍA","NORMAL","NO REPORTA","CALLE 53 N 48 28","0","0","0","0","0","0"
"2018-09-21T00:00:00.000Z","10:09","d","CHOQUE","Ciclista-Motociclista","OBJETO FIJO","INMUEBLE","NO REPORTADO","PEND. NOTIFICACIÓN","URBANA","RESIDENCIAL","TRAMO DE VÍA","NORMAL","NO REPORTA","CALLE 51 # 48 - 49","0","0","0","0","0","0"
"2018-09-13T00:00:00.000Z","14:09","d","OTRO","Ciclista-Motociclista","NO REPORTADO","NO REPORTADO","NO REPORTADO","PEND. NOTIFICACIÓN","URBANA","RESIDENCIAL","TRAMO DE VÍA","NORMAL","NO REPORTA","CENTRO","0","0","0","0","0","0"
"2019-03-26T00:00:00.000Z","17:03","d","CHOQUE","Ciclista-Motociclista","VEHÍCULO","NO REPORTADO","NO REPORTADO","PEND. NOTIFICACIÓN","URBANA","RESIDENCIAL","TRAMO DE VÍA","NORMAL","NO REPORTA","VÍA MEDELLÍN BOGOTÁ KM 22 + 520","0","0","0","0","0","0"
"2018-08-12T00:00:00.000Z","09:08","d","CHOQUE","Ciclista-Motociclista","VEHÍCULO","NO REPORTADO","PRIVADA","PEND. NOTIFICACIÓN","RURAL","NO REPORTADO","TRAMO DE VÍA","NORMAL","NO REPORTA","VEREDA  ALTO DE LA VIRGEN KM 0 + 200","0","0","0","0","0","0"
"2019-02-04T00:00:00.000Z","14:02","d","CHOQUE","Ciclista-Motociclista","VEHÍCULO","NO REPORTADO","NO REPORTADO","PEND. NOTIFICACIÓN","URBANA","RESIDENCIAL","TRAMO DE VÍA","NORMAL","LA UNIÓN","VÍA LA UNIÓN SONSON RUTA 56-01 KILOMETRO 55","0","0","0","0","0","0"
"2019-03-19T00:00:00.000Z","03:03","d","CHOQUE","Ciclista-Motociclista","VEHÍCULO","NO REPORTADO","NO REPORTADO","PEND. NOTIFICACIÓN","RURAL","NO REPORTADO","TRAMO DE VÍA","LLUVIA","SANTABÁRBARA","KM 25+440 RUTA MEDELLÍN -PINTADA","0","0","0","0","0","0"
"2021-04-04T00:00:00.000Z","10:04","d","CHOQUE","Ciclista-Motociclista","VEHÍCULO","NO REPORTADO","NO REPORTADO","PEND. NOTIFICACIÓN","RURAL","NO REPORTADO","TRAMO DE VÍA","NORMAL","ABEJORRAL","VÍA ABEJORRAL - LA CEJA","0","0","0","0","0","0"
"2018-04-29T00:00:00.000Z","18:04","d","CHOQUE","Ciclista-Motociclista","VEHÍCULO","NO REPORTADO","NO REPORTADO","FALLADO","RURAL","NO REPORTADO","TRAMO DE VÍA","NORMAL","AMAGA","VÍA AMAGA PALOMOS CURVA DEL DIABLO","0","0","0","0","0","0"
"2017-04-26T00:00:00.000Z","16:04","d","CHOQUE","Ciclista-Motociclista","VEHÍCULO","NO REPORTADO","NO REPORTADO","PEND. NOTIFICACIÓN","RURAL","NO REPORTADO","TRAMO DE VÍA","NORMAL","TÁMESIS","VÍA QUE DE TÁMESIS CONDUCE AL CORREGIMIENTO DE PALERMO","0","0","0","0","0","0"
"2018-04-07T00:00:00.000Z","17:04","d","CHOQUE","Ciclista-Motociclista","VEHÍCULO","NO REPORTADO","NO REPORTADO","PEND. NOTIFICACIÓN","RURAL","NO REPORTADO","TRAMO DE VÍA","LLUVIA","NO REPORTA","KILOMETRO 1 +500 VÍA A PIEDRAS BLANCAS","0","0","0","0","0","0"
"2018-01-02T00:00:00.000Z","20:01","d","CHOQUE","Conductor","VEHÍCULO","NO REPORTADO","NO REPORTADO","PEND. NOTIFICACIÓN","RURAL","NO REPORTADO","TRAMO DE VÍA","NORMAL","GUARNE","VÍA BOLOMBOLO-SANTA FE DE ANTIOQUIA KM 2+600MTS","0","0","0","0","0","0"
"2019-02-20T00:00:00.000Z","14:02","d","CHOQUE","Ciclista-Motociclista","VEHÍCULO","NO REPORTADO","NO REPORTADO","PEND. NOTIFICACIÓN","RURAL","NO REPORTADO","LOTE O PREDIO","LLUVIA","LA UNIÓN","BOMBA TEXACO","0","0","0","0","0","0"
"2019-11-01T00:00:00.000Z","08:11","d","CHOQUE","Ciclista-Motociclista","VEHÍCULO","NO REPORTADO","NO REPORTADO","PEND. NOTIFICACIÓN","RURAL","NO REPORTADO","TRAMO DE VÍA","NORMAL","GUARNE","VEREDA PIEDRAS BLANCAS","0","0","0","0","0","0"
"2017-09-12T00:00:00.000Z","12:09","d","CHOQUE","Ciclista-Motociclista","VEHÍCULO","NO REPORTADO","NO REPORTADO","FALLADO","URBANA","RESIDENCIAL","TRAMO DE VÍA","NORMAL","FREDONIA","CALLE 50 CON CARRERA 49 MUNICIPIO DE FREDONIA","0","0","0","0","0","0"
"2019-01-16T00:00:00.000Z","10:01","d","CHOQUE","Ciclista-Motociclista","VEHÍCULO","NO REPORTADO","NO REPORTADO","PEND. NOTIFICACIÓN","URBANA","RESIDENCIAL","TRAMO DE VÍA","NORMAL","NO REPORTA","CARRERA 48 A CLL 45","0","0","0","0","0","0"
"2019-02-07T00:00:00.000Z","06:02","d","CHOQUE","Ciclista-Motociclista","VEHÍCULO","NO REPORTADO","NO REPORTADO","FALLADO","URBANA","RESIDENCIAL","INTERSECCIÓN","NORMAL","ABEJORRAL","CARRERA 54 CON CALLE 47","0","0","0","0","0","0"
"2018-05-30T00:00:00.000Z","19:05","d","CHOQUE","Ciclista-Motociclista","VEHÍCULO","NO REPORTADO","NO REPORTADO","PEND. NOTIFICACIÓN","URBANA","RESIDENCIAL","TRAMO DE VÍA","NORMAL","NO REPORTA","VÍA MEDELLÍN - BOGOTÁ KM 20 + 700","0","0","0","0","0","0"
"2018-05-29T00:00:00.000Z","06:05","d","CHOQUE","Ciclista-Motociclista","VEHÍCULO","NO REPORTADO","NO REPORTADO","PEND. NOTIFICACIÓN","RURAL","NO REPORTADO","TRAMO DE VÍA","NORMAL","NO REPORTA","VÍA MEDELLÍN - BOGOTÁ KM 27 + 620","0","0","0","0","0","0"
"2018-07-16T00:00:00.000Z","07:07","d","CHOQUE","Ciclista-Motociclista","VEHÍCULO","NO REPORTADO","NO REPORTADO","PEND. NOTIFICACIÓN","URBANA","RESIDENCIAL","TRAMO DE VÍA","NORMAL","NO REPORTA","CRA 52 C  58 - 72 URBANIZACIÓN PUNTO MAYOR","0","0","0","0","0","0"
"2019-10-12T00:00:00.000Z","04:10","d","CHOQUE","Ciclista-Motociclista","VEHÍCULO","NO REPORTADO","NO REPORTADO","PEND. NOTIFICACIÓN","URBANA","RESIDENCIAL","TRAMO DE VÍA","NORMAL","NO REPORTA","RUTA 6004 KM 20 400","0","0","0","0","0","0"
"2019-10-22T00:00:00.000Z","10:10","d","CHOQUE","Ciclista-Motociclista","VEHÍCULO","NO REPORTADO","NO REPORTADO","PEND. NOTIFICACIÓN","URBANA","RESIDENCIAL","TRAMO DE VÍA","NORMAL","NO REPORTA","CR 53 N 43 45","0","0","0","0","0","0"
"2019-11-02T00:00:00.000Z","12:11","d","CHOQUE","Ciclista-Motociclista","VEHÍCULO","NO REPORTADO","NO REPORTADO","PEND. NOTIFICACIÓN","RURAL","NO REPORTADO","TRAMO DE VÍA","NORMAL","GUARNE","VEREDA EL GUAMITO","0","0","0","0","0","0"
"2019-11-03T00:00:00.000Z","18:11","d","INCENDIO","Ciclista-Motociclista","NO REPORTADO","NO REPORTADO","HOSPITALARIA","PEND. NOTIFICACIÓN","RURAL","NO REPORTADO","TRAMO DE VÍA","NORMAL","NO REPORTA","VEREDA LA PASTORCITA","0","0","0","0","0","0"
"2018-03-26T00:00:00.000Z","00:03","d","CHOQUE","Ciclista-Motociclista","VEHÍCULO","NO REPORTADO","NO REPORTADO","FALLADO","URBANA","RESIDENCIAL","TRAMO DE VÍA","NORMAL","NO REPORTA","SOPETRAN","0","0","0","0","0","0"
"2019-10-30T00:00:00.000Z","22:10","d","VOLCAMIENTO","Ciclista-Motociclista","NO REPORTADO","NO REPORTADO","DEPORTIVA","PEND. NOTIFICACIÓN","RURAL","NO REPORTADO","TRAMO DE VÍA","NORMAL","NO REPORTA","VÍA LIBORINA SABANARLGAR KM 18+220","0","0","0","0","0","0"
"2018-08-14T00:00:00.000Z","16:08","d","CHOQUE","Ciclista-Motociclista","VEHÍCULO","NO REPORTADO","NO REPORTADO","PEND. NOTIFICACIÓN","RURAL","NO REPORTADO","TRAMO DE VÍA","NORMAL","NO REPORTA","VÍA A PIEDRAS BLANCAS","0","0","0","0","0","0"
"2018-07-14T00:00:00.000Z","12:07","d","CHOQUE","Ciclista-Motociclista","VEHÍCULO","NO REPORTADO","NO REPORTADO","PEND. NOTIFICACIÓN","RURAL","NO REPORTADO","TRAMO DE VÍA","NORMAL","NO REPORTA","VÍA A SAN VICENTE KM 0 +300MEETROS","0","0","0","0","0","0"
"2018-08-15T00:00:00.000Z","15:08","d","CHOQUE","Ciclista-Motociclista","VEHÍCULO","NO REPORTADO","NO REPORTADO","PEND. NOTIFICACIÓN","URBANA","RESIDENCIAL","TRAMO DE VÍA","NORMAL","NO REPORTA","CALLE 49 N 48 26 SECTOR MATADERO","0","0","0","0","0","0"
"2017-09-29T00:00:00.000Z","18:09","d","CHOQUE","Ciclista-Motociclista","VEHÍCULO","NO REPORTADO","NO REPORTADO","PEND. NOTIFICACIÓN","RURAL","NO REPORTADO","TRAMO DE VÍA","NORMAL","NO REPORTA","SALIDA MARCELLA FINCA FUENTE CLARA","0","0","0","0","0","0"
"2018-04-15T00:00:00.000Z","19:04","d","CHOQUE","Ciclista-Motociclista","VEHÍCULO","NO REPORTADO","NO REPORTADO","PEND. NOTIFICACIÓN","URBANA","RESIDENCIAL","TRAMO DE VÍA","NORMAL","NO REPORTA","CARRERA51N 47 17","0","0","0","0","0","0"
"2018-04-14T00:00:00.000Z","17:04","d","CHOQUE","Ciclista-Motociclista","VEHÍCULO","NO REPORTADO","NO REPORTADO","PEND. NOTIFICACIÓN","RURAL","NO REPORTADO","TRAMO DE VÍA","NORMAL","NO REPORTA","EUROCERAMICA","0","0","0","0","0","0"
"2018-04-15T00:00:00.000Z","12:04","d","CHOQUE","Ciclista-Motociclista","VEHÍCULO","NO REPORTADO","NO REPORTADO","PEND. NOTIFICACIÓN","RURAL","NO REPORTADO","TRAMO DE VÍA","NORMAL","NO REPORTA","KILOMETRO 6PARQUE ARVI","0","0","0","0","0","0"
"2018-04-19T00:00:00.000Z","13:04","d","CHOQUE","Ciclista-Motociclista","VEHÍCULO","NO REPORTADO","NO REPORTADO","PEND. NOTIFICACIÓN","URBANA","RESIDENCIAL","TRAMO DE VÍA","NORMAL","NO REPORTA","VEREDA LA BRIZUELA","0","0","0","0","0","0"
"2021-07-06T00:00:00.000Z","13:07","d","CHOQUE","Ciclista-Motociclista","VEHÍCULO","NO REPORTADO","NO REPORTADO","PEND. NOTIFICACIÓN","URBANA","COMERCIAL","TRAMO DE VÍA","NORMAL","NO REPORTA","PARQUE PRINCIPAL","0","0","0","0","0","0"
"2018-11-01T00:00:00.000Z","07:11","d","CHOQUE","Ciclista-Motociclista","OBJETO FIJO","MURO","NO REPORTADO","FALLADO","URBANA","COMERCIAL","TRAMO DE VÍA","NORMAL","NO REPORTA","CRA 51 45 50","0","0","0","0","0","0"
"2019-01-25T00:00:00.000Z","09:01","d","CHOQUE","Ciclista-Motociclista","VEHÍCULO","NO REPORTADO","NO REPORTADO","PEND. NOTIFICACIÓN","URBANA","RESIDENCIAL","TRAMO DE VÍA","NORMAL","NO REPORTA","PARQUE EDUCATIVO","0","0","0","0","0","0"
"2018-10-24T00:00:00.000Z","18:10","d","CHOQUE","Ciclista-Motociclista","VEHÍCULO","NO REPORTADO","NO REPORTADO","FALLADO","URBANA","RESIDENCIAL","TRAMO DE VÍA","NORMAL","AMAGA","CARRERA 51 CALLE 51","0","0","0","0","0","0"
"2019-02-20T00:00:00.000Z","12:02","d","CHOQUE","Ciclista-Motociclista","VEHÍCULO","NO REPORTADO","NO REPORTADO","FALLADO","RURAL","NO REPORTADO","TRAMO DE VÍA","NORMAL","AMAGA","VEREDA NECHI","0","0","0","0","0","0"
"2018-11-11T00:00:00.000Z","10:11","d","CHOQUE","Ciclista-Motociclista","VEHÍCULO","NO REPORTADO","NO REPORTADO","PEND. NOTIFICACIÓN","URBANA","RESIDENCIAL","TRAMO DE VÍA","NORMAL","NO REPORTA","CALLE LÓPEZ NO. 48-28 SANTA BÁRBARA","0","0","0","0","0","0"
"2018-12-08T00:00:00.000Z","13:12","d","CHOQUE","Ciclista-Motociclista","VEHÍCULO","NO REPORTADO","NO REPORTADO","PEND. NOTIFICACIÓN","URBANA","COMERCIAL","INTERSECCIÓN","NORMAL","JERICÓ","CALLE 8 CON CARRERA 4","0","0","0","0","0","0"
"2018-10-21T00:00:00.000Z","18:10","d","CHOQUE","Ciclista-Motociclista","VEHÍCULO","NO REPORTADO","NO REPORTADO","PEND. NOTIFICACIÓN","RURAL","NO REPORTADO","TRAMO DE VÍA","NORMAL","SOPETRAN","TAFETANES","0","0","0","0","0","0"
"2021-12-22T00:00:00.000Z","08:12","d","CHOQUE","Ciclista-Motociclista","VEHÍCULO","NO REPORTADO","NO REPORTADO","PEND. NOTIFICACIÓN","RURAL","NO REPORTADO","TRAMO DE VÍA","LLUVIA","ABEJORRAL","ABEJORRAL LA CEJA KM 8, LAS YEGUAS","0","0","0","0","0","0"
"2019-04-30T00:00:00.000Z","19:04","d","CHOQUE","Ciclista-Motociclista","VEHÍCULO","NO REPORTADO","NO REPORTADO","PEND. NOTIFICACIÓN","RURAL","NO REPORTADO","TRAMO DE VÍA","NORMAL","NO REPORTA","CARRERA 49 CON CALLE 47","0","0","0","0","0","0"
"2018-01-23T00:00:00.000Z","10:01","d","CHOQUE","Ciclista-Motociclista","VEHÍCULO","NO REPORTADO","NO REPORTADO","FALLADO","RURAL","NO REPORTADO","TRAMO DE VÍA","NORMAL","NO REPORTA","VÍA ABEJORRAL LA CEJA KILOMETRO 40+00","0","0","0","0","0","0"