"fecha_accidente","hora_accidente","gravedad","clase_accidente","causante_accidente","descripcion_colisionante","descripcion_objeto_fijo","zona_accidente","descripcion_de_estado","area_accidente","sector_accidente","descripcion_localizacion","estado_clima","municipio","direccion_lugar","numero_victima_peaton","numero_victima_acompanante","numero_victima_pasajero","numero_victima_conductor","numero_victima_herido","numero_victima_muerto"
"2019-03-15T00:00:00.000Z","16:03","d","CHOQUE","Ciclista-Motociclista","VEHÍCULO","NO REPORTADO","NO REPORTADO","FALLADO","RURAL","NO REPORTADO","TRAMO DE VÍA","NORMAL","NO REPORTA","PROYECTO HIDROITUANGO- PRESA AGUAS ABAJO","0","0","0","0","0","0"
"2018-04-22T00:00:00.000Z","17:04","d","CHOQUE","Ciclista-Motociclista","VEHÍCULO","NO REPORTADO","NO REPORTADO","FALLADO","URBANA","RESIDENCIAL","TRAMO DE VÍA","NORMAL","NO REPORTA","BARRIO OBRERO","0","0","0","0","0","0"
"2018-10-10T00:00:00.000Z","06:10","d","CHOQUE","Ciclista-Motociclista","VEHÍCULO","NO REPORTADO","NO REPORTADO","PEND. NOTIFICACIÓN","RURAL","NO REPORTADO","TRAMO DE VÍA","NORMAL","LA UNIÓN","VÍA LA UNIÓN LA CEJA","0","0","0","0","0","0"
"2018-10-14T00:00:00.000Z","00:10","d","CHOQUE","Ciclista-Motociclista","OBJETO FIJO","VEHÍCULO ESTACIONADO","NO REPORTADO","PEND. NOTIFICACIÓN","URBANA","RESIDENCIAL","TRAMO DE VÍA","NORMAL","LA UNIÓN","CALLE 14 FRENTE A LA VIVIENDA 1038","0","0","0","0","0","0"
"2018-12-09T00:00:00.000Z","17:12","d","CHOQUE","Ciclista-Motociclista","VEHÍCULO","NO REPORTADO","NO REPORTADO","PEND. NOTIFICACIÓN","RURAL","NO REPORTADO","TRAMO DE VÍA","NORMAL","NO REPORTA","VEREDA PUEBLO RICO SECTOR PLATANILLAL","0","0","0","0","0","0"
"2019-04-26T00:00:00.000Z","08:04","d","CHOQUE","Ciclista-Motociclista","VEHÍCULO","NO REPORTADO","NO REPORTADO","PEND. NOTIFICACIÓN","RURAL","NO REPORTADO","TRAMO DE VÍA","NORMAL","NO REPORTA","VEREDA CHAPARRAL","0","0","0","0","0","0"
"2019-02-23T00:00:00.000Z","14:02","d","CHOQUE","Ciclista-Motociclista","VEHÍCULO","NO REPORTADO","NO REPORTADO","PEND. DECLARACIÓN","RURAL","NO REPORTADO","TRAMO DE VÍA","NORMAL","NO REPORTA","ENTRADA VILLA LUZ VÍA PROYECTO HIDROITUANGO","0","0","0","0","0","0"
"2019-01-07T00:00:00.000Z","13:01","d","CHOQUE","Ciclista-Motociclista","VEHÍCULO","NO REPORTADO","ESCOLAR","PEND. NOTIFICACIÓN","RURAL","NO REPORTADO","TRAMO DE VÍA","NORMAL","NO REPORTA","KM3 + 060 VEREDA YOLOMBAL","0","0","0","0","0","0"
"2018-04-29T00:00:00.000Z","18:04","d","INCENDIO","Ciclista-Motociclista","NO REPORTADO","NO REPORTADO","NO REPORTADO","PEND. NOTIFICACIÓN","URBANA","COMERCIAL","TRAMO DE VÍA","NIEBLA","GUARNE","AUTOPISTA MEDELLÍN BOGOTÁ KM 23+100","0","0","0","0","0","0"
"2018-04-02T00:00:00.000Z","19:04","d","CHOQUE","Ciclista-Motociclista","VEHÍCULO","NO REPORTADO","NO REPORTADO","FALLADO","RURAL","NO REPORTADO","TRAMO DE VÍA","LLUVIA","AMAGA","VÍA AMAGA FREDONIA KM 4+765","0","0","0","0","0","0"
"2018-08-31T00:00:00.000Z","18:08","d","CHOQUE","Ciclista-Motociclista","VEHÍCULO","NO REPORTADO","NO REPORTADO","FALLADO","URBANA","RESIDENCIAL","TRAMO DE VÍA","NORMAL","AMAGA","CARRERA 51 47 53","0","0","0","0","0","0"
"2019-05-02T00:00:00.000Z","19:05","d","CHOQUE","Ciclista-Motociclista","VEHÍCULO","NO REPORTADO","NO REPORTADO","FALLADO","URBANA","RESIDENCIAL","TRAMO DE VÍA","NORMAL","AMAGA","AMAGA","0","0","0","0","0","0"
"2021-12-08T00:00:00.000Z","04:12","d","CHOQUE","Ciclista-Motociclista","OBJETO FIJO","INMUEBLE","NO REPORTADO","PEND. NOTIFICACIÓN","URBANA","RESIDENCIAL","TRAMO DE VÍA","NORMAL","NO REPORTA","CALLE 49 NRO. 54 - 26 ABEJORRAL","0","0","0","0","0","0"
"2019-03-12T00:00:00.000Z","10:03","d","CHOQUE","Ciclista-Motociclista","VEHÍCULO","NO REPORTADO","NO REPORTADO","PEND. DECLARACIÓN","RURAL","NO REPORTADO","TRAMO DE VÍA","NORMAL","NO REPORTA","CALLE 18 ITUANGO, ESTACIÓN DE COMBUSTIBLE ZEUS","0","0","0","0","0","0"
"2018-12-04T00:00:00.000Z","19:12","d","CHOQUE","Ciclista-Motociclista","OBJETO FIJO","VEHÍCULO ESTACIONADO","NO REPORTADO","FALLADO","URBANA","COMERCIAL","TRAMO DE VÍA","NORMAL","NO REPORTA","CARRERA 50 NO 50","0","0","0","0","0","0"
"2018-10-16T00:00:00.000Z","16:10","d","CHOQUE","Ciclista-Motociclista","VEHÍCULO","NO REPORTADO","NO REPORTADO","PEND. NOTIFICACIÓN","RURAL","NO REPORTADO","TRAMO DE VÍA","NORMAL","NO REPORTA","KM 08 + 800 VÍA GUARNE -  VEREDA YOLOMBAL","0","0","0","0","0","0"
"2021-11-06T00:00:00.000Z","20:11","d","CHOQUE","Ciclista-Motociclista","VEHÍCULO","NO REPORTADO","NO REPORTADO","PEND. NOTIFICACIÓN","URBANA","RESIDENCIAL","TRAMO DE VÍA","NORMAL","ABEJORRAL","CRA 53 # 47 - 71 ABEJORRAL - ANTIOQUIA","0","0","0","0","0","0"
"2019-01-07T00:00:00.000Z","02:01","d","VOLCAMIENTO","Ciclista-Motociclista","NO REPORTADO","NO REPORTADO","NO REPORTADO","PEND. NOTIFICACIÓN","RURAL","NO REPORTADO","PUENTE","NORMAL","NO REPORTA","KM 03 AUTOPISTA MEDELLÍN BOGOTÁ VÍA QUE CONDUCE A SANFRANCISCO ANTIOQUIA","0","0","0","0","0","0"
"2019-11-22T00:00:00.000Z","12:11","d","CHOQUE","Ciclista-Motociclista","VEHÍCULO","NO REPORTADO","NO REPORTADO","PEND. NOTIFICACIÓN","URBANA","INDUSTRIAL","TRAMO DE VÍA","NORMAL","NO REPORTA","AUTOPISTA MEDELLÍN BOGOTÁ KM 23 + 600","0","0","0","0","0","0"
"2018-01-06T00:00:00.000Z","16:01","d","CHOQUE","Ciclista-Motociclista","VEHÍCULO","NO REPORTADO","NO REPORTADO","FALLADO","RURAL","NO REPORTADO","TRAMO DE VÍA","NORMAL","AMAGA","SECTOR CARROCERÍAS","0","0","0","0","0","0"
"2018-05-19T00:00:00.000Z","12:05","d","VOLCAMIENTO","Ciclista-Motociclista","NO REPORTADO","NO REPORTADO","NO REPORTADO","PEND. NOTIFICACIÓN","URBANA","RESIDENCIAL","TRAMO DE VÍA","NORMAL","NO REPORTA","AUTOPISTA MEDELLÍN - BOGOTÁ KM 21 + 440 SECTOR RICA TRUCHA","0","0","0","0","0","0"
"2018-06-06T00:00:00.000Z","16:06","d","CHOQUE","Ciclista-Motociclista","OBJETO FIJO","POSTE","NO REPORTADO","PEND. NOTIFICACIÓN","URBANA","INDUSTRIAL","TRAMO DE VÍA","NORMAL","NO REPORTA","PARQUE INDUSTRIAL PUERTA DE ORIENTE","0","0","0","0","0","0"
"2018-09-29T00:00:00.000Z","11:09","d","CHOQUE","Ciclista-Motociclista","VEHÍCULO","NO REPORTADO","NO REPORTADO","FALLADO","URBANA","COMERCIAL","TRAMO DE VÍA","NORMAL","AMAGA","VÍA LA MANZA PRIMAVERA KM 80+100","0","0","0","0","0","0"
"2019-08-23T00:00:00.000Z","09:08","d","CHOQUE","Ciclista-Motociclista","VEHÍCULO","NO REPORTADO","NO REPORTADO","PEND. NOTIFICACIÓN","RURAL","NO REPORTADO","TRAMO DE VÍA","NORMAL","NO REPORTA","VEREDA BERRACAL","0","0","0","0","0","0"
"2021-07-14T00:00:00.000Z","07:07","d","CHOQUE","Ciclista-Motociclista","VEHÍCULO","NO REPORTADO","NO REPORTADO","PEND. NOTIFICACIÓN","RURAL","NO REPORTADO","TRAMO DE VÍA","NORMAL","NO REPORTA","PUENTE GABINO-GÓMEZ PLATA KM8+300","0","0","0","0","0","0"
"2021-10-18T00:00:00.000Z","13:10","d","CHOQUE","Ciclista-Motociclista","VEHÍCULO","NO REPORTADO","NO REPORTADO","PEND. NOTIFICACIÓN","URBANA","RESIDENCIAL","TRAMO DE VÍA","NORMAL","NO REPORTA","CARRERA 55 # 48 - 12","0","0","0","0","0","0"
"2018-04-08T00:00:00.000Z","07:04","d","CHOQUE","Ciclista-Motociclista","VEHÍCULO","NO REPORTADO","NO REPORTADO","PEND. NOTIFICACIÓN","URBANA","RESIDENCIAL","TRAMO DE VÍA","NORMAL","GUARNE","CALLE 44 CON CRA 49","0","0","0","0","0","0"
"2019-01-01T00:00:00.000Z","13:01","d","CHOQUE","Ciclista-Motociclista","VEHÍCULO","NO REPORTADO","NO REPORTADO","PEND. NOTIFICACIÓN","RURAL","NO REPORTADO","TRAMO DE VÍA","NORMAL","NO REPORTA","KILOMETRO 6 + 990 SECTOR LA GRAN VÍA","0","0","0","0","0","0"
"2018-07-26T00:00:00.000Z","09:07","d","CHOQUE","Ciclista-Motociclista","VEHÍCULO","NO REPORTADO","NO REPORTADO","PEND. NOTIFICACIÓN","URBANA","RESIDENCIAL","TRAMO DE VÍA","NORMAL","NO REPORTA","SAN ANTONIO","0","0","0","0","0","0"
"2019-01-19T00:00:00.000Z","03:01","d","CHOQUE","Ciclista-Motociclista","VEHÍCULO","NO REPORTADO","NO REPORTADO","PEND. NOTIFICACIÓN","RURAL","NO REPORTADO","TRAMO DE VÍA","LLUVIA","SANTABÁRBARA","KILOMETRO26+2509 DIVINO NIÑO","0","0","0","0","0","0"
"2019-01-22T00:00:00.000Z","19:01","d","CHOQUE","Ciclista-Motociclista","VEHÍCULO","NO REPORTADO","NO REPORTADO","PEND. NOTIFICACIÓN","RURAL","NO REPORTADO","TRAMO DE VÍA","NORMAL","SANTABÁRBARA","PINTADA - MEDELLÍN KM 25+440","0","0","0","0","0","0"
"2018-07-30T00:00:00.000Z","16:07","d","CHOQUE","Ciclista-Motociclista","OBJETO FIJO","POSTE","NO REPORTADO","PEND. NOTIFICACIÓN","URBANA","RESIDENCIAL","TRAMO DE VÍA","NORMAL","NO REPORTA","CALLE 45 CRA 48 - CENTRO PLAZA","0","0","0","0","0","0"
"2018-07-30T00:00:00.000Z","07:07","d","CHOQUE","Ciclista-Motociclista","VEHÍCULO","NO REPORTADO","NO REPORTADO","PEND. NOTIFICACIÓN","URBANA","RESIDENCIAL","TRAMO DE VÍA","NORMAL","NO REPORTA","AUTOPISTA MEDELLÍN - BOGOTÁ KM 20 + 780","0","0","0","0","0","0"
"2018-04-05T00:00:00.000Z","17:04","d","CHOQUE","Ciclista-Motociclista","VEHÍCULO","NO REPORTADO","NO REPORTADO","PEND. NOTIFICACIÓN","URBANA","RESIDENCIAL","TRAMO DE VÍA","NORMAL","NO REPORTA","CALLE 52 CON CR 51","0","0","0","0","0","0"
"2017-09-22T00:00:00.000Z","14:09","d","CHOQUE","Ciclista-Motociclista","VEHÍCULO","NO REPORTADO","NO REPORTADO","PEND. NOTIFICACIÓN","RURAL","NO REPORTADO","TRAMO DE VÍA","NORMAL","FREDONIA","VÍA A FREDONIA - AMAGA","0","0","0","0","0","0"
"2018-07-31T00:00:00.000Z","15:07","d","CHOQUE","Ciclista-Motociclista","VEHÍCULO","NO REPORTADO","NO REPORTADO","FALLADO","RURAL","NO REPORTADO","TRAMO DE VÍA","NORMAL","BETANIA","ARENILLO","0","0","0","0","0","0"
"2018-02-15T00:00:00.000Z","19:02","d","CHOQUE","Ciclista-Motociclista","VEHÍCULO","NO REPORTADO","NO REPORTADO","PEND. NOTIFICACIÓN","RURAL","NO REPORTADO","TRAMO DE VÍA","LLUVIA","NO REPORTA","CERCA A LA METIDAD VÍA CONCORDIA- BOLOMBOLO","0","0","0","0","0","0"
"2018-05-12T00:00:00.000Z","14:05","d","CHOQUE","Ciclista-Motociclista","VEHÍCULO","NO REPORTADO","NO REPORTADO","PEND. NOTIFICACIÓN","URBANA","COMERCIAL","TRAMO DE VÍA","NORMAL","NO REPORTA","KILOMETRO 22 AUTOPISTA MEDELLÍN BOGOTÁ","0","0","0","0","0","0"
"2019-02-15T00:00:00.000Z","08:02","d","CHOQUE","Ciclista-Motociclista","VEHÍCULO","NO REPORTADO","NO REPORTADO","FALLADO","RURAL","NO REPORTADO","TRAMO DE VÍA","NORMAL","ABEJORRAL","VÍA ABEJORRAL QUEBRADA NEGRA, VEREDA LA LABOR","0","0","0","0","0","0"
"2019-01-10T00:00:00.000Z","12:01","d","CHOQUE","Ciclista-Motociclista","OBJETO FIJO","POSTE","NO REPORTADO","PEND. NOTIFICACIÓN","URBANA","RESIDENCIAL","TRAMO DE VÍA","NORMAL","LA UNIÓN","CARRERA 7 CALLE 13","0","0","0","0","0","0"
"2019-01-04T00:00:00.000Z","08:01","d","CHOQUE","Ciclista-Motociclista","OBJETO FIJO","POSTE","NO REPORTADO","PEND. NOTIFICACIÓN","RURAL","NO REPORTADO","TRAMO DE VÍA","NORMAL","NO REPORTA","VEREDA VENTANAS","0","0","0","0","0","0"
"2019-02-18T00:00:00.000Z","15:02","d","CHOQUE","Ciclista-Motociclista","VEHÍCULO","NO REPORTADO","NO REPORTADO","FALLADO","URBANA","COMERCIAL","TRAMO DE VÍA","NORMAL","NO REPORTA","CARRERA 50 CON CALLE 50","0","0","0","0","0","0"
"2021-05-26T00:00:00.000Z","09:05","d","CHOQUE","Ciclista-Motociclista","VEHÍCULO","NO REPORTADO","NO REPORTADO","PEND. NOTIFICACIÓN","RURAL","NO REPORTADO","TRAMO DE VÍA","NORMAL","NO REPORTA","VÍA ABEJORRAL - LA CEJA KILOMETRO 7 + 350","0","0","0","0","0","0"
"2017-11-15T00:00:00.000Z","17:11","d","VOLCAMIENTO","Ciclista-Motociclista","NO REPORTADO","NO REPORTADO","NO REPORTADO","PEND. NOTIFICACIÓN","RURAL","NO REPORTADO","TRAMO DE VÍA","NORMAL","TITIRIBÍ","VÍA  QUE CONDUCE A BOLOMBO","0","0","0","0","0","0"
"2018-02-23T00:00:00.000Z","17:02","d","CHOQUE","Ciclista-Motociclista","VEHÍCULO","NO REPORTADO","NO REPORTADO","PEND. NOTIFICACIÓN","RURAL","NO REPORTADO","TRAMO DE VÍA","NORMAL","NO REPORTA","CORREGIMIENTO DE SAN DIEGO - SECTOR CEMENTERIO","0","0","0","0","0","0"
"2019-01-21T00:00:00.000Z","12:01","d","CHOQUE","Ciclista-Motociclista","VEHÍCULO","NO REPORTADO","NO REPORTADO","PEND. NOTIFICACIÓN","URBANA","COMERCIAL","TRAMO DE VÍA","NORMAL","NO REPORTA","CALLE 9 CARRERA 9","0","0","0","0","0","0"
"2019-02-14T00:00:00.000Z","14:02","d","CHOQUE","Ciclista-Motociclista","VEHÍCULO","NO REPORTADO","NO REPORTADO","PEND. DECLARACIÓN","RURAL","NO REPORTADO","INTERSECCIÓN","NORMAL","ITUANGO","DESCARGA INTERMEDIA HIDROITUANGO","0","0","0","0","0","0"
"2019-11-17T00:00:00.000Z","15:11","d","CHOQUE","Ciclista-Motociclista","VEHÍCULO","NO REPORTADO","NO REPORTADO","PEND. NOTIFICACIÓN","RURAL","NO REPORTADO","TRAMO DE VÍA","NORMAL","NO REPORTA","VEREDA PIEDRAS BLANCAS","0","0","0","0","0","0"
"2017-12-19T00:00:00.000Z","10:12","d","CHOQUE","Ciclista-Motociclista","VEHÍCULO","NO REPORTADO","NO REPORTADO","FALLADO","URBANA","RESIDENCIAL","TRAMO DE VÍA","NORMAL","NO REPORTA","CALLE 10 PANADERÍA JULITO","0","0","0","0","0","0"
"2018-03-03T00:00:00.000Z","17:03","d","CHOQUE","Ciclista-Motociclista","VEHÍCULO","NO REPORTADO","NO REPORTADO","FALLADO","RURAL","NO REPORTADO","TRAMO DE VÍA","NORMAL","NO REPORTA","BOSQUES DE OCCIDENTE","0","0","0","0","0","0"
"2017-09-25T00:00:00.000Z","07:09","d","CHOQUE","Ciclista-Motociclista","VEHÍCULO","NO REPORTADO","NO REPORTADO","FALLADO","RURAL","NO REPORTADO","TRAMO DE VÍA","NORMAL","NO REPORTA","CAMILO C LA CURVA DEL DIABLO","0","0","0","0","0","0"
"2018-12-30T00:00:00.000Z","17:12","d","CHOQUE","Ciclista-Motociclista","VEHÍCULO","NO REPORTADO","NO REPORTADO","PEND. NOTIFICACIÓN","RURAL","NO REPORTADO","TRAMO DE VÍA","NORMAL","NO REPORTA","VENTANAS","0","0","0","0","0","0"
"2018-09-23T00:00:00.000Z","20:09","d","CHOQUE","Ciclista-Motociclista","SEMOVIENTE","NO REPORTADO","NO REPORTADO","PEND. NOTIFICACIÓN","RURAL","NO REPORTADO","TRAMO DE VÍA","NORMAL","SANTABÁRBARA","MEDELLÍN- LA PINTADA KM 26+971","0","0","0","0","0","0"
"2019-02-19T00:00:00.000Z","16:02","d","CHOQUE","Ciclista-Motociclista","VEHÍCULO","NO REPORTADO","NO REPORTADO","PEND. NOTIFICACIÓN","URBANA","RESIDENCIAL","TRAMO DE VÍA","LLUVIA","NO REPORTA","KILOMETRO 4 MAS 175 METROS VEREDA PIEDRAS BLANCAS","0","0","0","0","0","0"
"2019-02-21T00:00:00.000Z","06:02","d","CHOQUE","Ciclista-Motociclista","VEHÍCULO","NO REPORTADO","NO REPORTADO","PEND. NOTIFICACIÓN","URBANA","RESIDENCIAL","TRAMO DE VÍA","NORMAL","NO REPORTA","CALLE 49 CR 49 A","0","0","0","0","0","0"
"2019-02-27T00:00:00.000Z","19:02","d","CHOQUE","Ciclista-Motociclista","VEHÍCULO","NO REPORTADO","NO REPORTADO","PEND. NOTIFICACIÓN","URBANA","RESIDENCIAL","TRAMO DE VÍA","NORMAL","NO REPORTA","CALLE 50 CR 52","0","0","0","0","0","0"
"2019-03-17T00:00:00.000Z","15:03","d","CHOQUE","Ciclista-Motociclista","VEHÍCULO","NO REPORTADO","NO REPORTADO","PEND. NOTIFICACIÓN","RURAL","NO REPORTADO","TRAMO DE VÍA","NORMAL","NO REPORTA","VEREDA SAN ISIDRO","0","0","0","0","0","0"
"2019-03-19T00:00:00.000Z","07:03","d","CHOQUE","Ciclista-Motociclista","VEHÍCULO","NO REPORTADO","ESCOLAR","PEND. NOTIFICACIÓN","RURAL","NO REPORTADO","TRAMO DE VÍA","NORMAL","NO REPORTA","KILOMETRO 0 + 886","0","0","0","0","0","0"
"2018-03-13T00:00:00.000Z","14:03","d","CHOQUE","Ciclista-Motociclista","VEHÍCULO","NO REPORTADO","NO REPORTADO","PEND. NOTIFICACIÓN","RURAL","NO REPORTADO","TRAMO DE VÍA","NORMAL","NO REPORTA","PARCELACIÓN LA CABAÑA","0","0","0","0","0","0"
"2018-08-25T00:00:00.000Z","16:08","d","CHOQUE","Ciclista-Motociclista","VEHÍCULO","NO REPORTADO","NO REPORTADO","PEND. NOTIFICACIÓN","URBANA","RESIDENCIAL","TRAMO DE VÍA","NORMAL","NO REPORTA","CRA 52 NO. 52 - 285 SECTOR LA CAPILLA","0","0","0","0","0","0"
"2018-03-05T00:00:00.000Z","19:03","d","VOLCAMIENTO","Ciclista-Motociclista","NO REPORTADO","NO REPORTADO","NO REPORTADO","PEND. DECLARACIÓN","RURAL","NO REPORTADO","TRAMO DE VÍA","NORMAL","NO REPORTA","KM 57 +600 RUTA 25AN-11-1","0","0","0","0","0","0"
"2018-11-02T00:00:00.000Z","08:11","d","CHOQUE","Ciclista-Motociclista","VEHÍCULO","NO REPORTADO","NO REPORTADO","FALLADO","RURAL","NO REPORTADO","TRAMO DE VÍA","LLUVIA","ITUANGO","SECTOR CAPITANES-PROYECTO HIDROITUANGO .NUCLEO","0","0","0","0","0","0"
"2019-03-02T00:00:00.000Z","13:03","d","VOLCAMIENTO","Ciclista-Motociclista","NO REPORTADO","NO REPORTADO","NO REPORTADO","FALLADO","URBANA","RESIDENCIAL","TRAMO DE VÍA","NORMAL","NO REPORTA","CARRERA 22 QUINDIO ·23A-37","0","0","0","0","0","0"
"2018-06-17T00:00:00.000Z","14:06","d","CHOQUE","Ciclista-Motociclista","VEHÍCULO","NO REPORTADO","NO REPORTADO","PEND. NOTIFICACIÓN","URBANA","RESIDENCIAL","TRAMO DE VÍA","NORMAL","NO REPORTA","CALLE 49 CON CRA 51 - SECTOR BARRIO SAN FRANCISCO","0","0","0","0","0","0"
"2018-06-09T00:00:00.000Z","14:06","d","CHOQUE","Ciclista-Motociclista","VEHÍCULO","NO REPORTADO","NO REPORTADO","PEND. NOTIFICACIÓN","RURAL","NO REPORTADO","TRAMO DE VÍA","NORMAL","CONCORDIA","VEREDA PARTIDAS DE MORELIA","0","0","0","0","0","0"
"2018-05-15T00:00:00.000Z","15:05","d","CHOQUE","Ciclista-Motociclista","VEHÍCULO","NO REPORTADO","NO REPORTADO","PEND. NOTIFICACIÓN","URBANA","RESIDENCIAL","TRAMO DE VÍA","LLUVIA","GUARNE","AUTOPISTA MEDELLÍN - BOGOTÁ KM 23 + 050","0","0","0","0","0","0"
"2018-05-13T00:00:00.000Z","16:05","d","CHOQUE","Ciclista-Motociclista","VEHÍCULO","NO REPORTADO","NO REPORTADO","PEND. NOTIFICACIÓN","URBANA","RESIDENCIAL","TRAMO DE VÍA","LLUVIA","NO REPORTA","CRA 49","0","0","0","0","0","0"
"2018-05-15T00:00:00.000Z","08:05","d","CHOQUE","Ciclista-Motociclista","VEHÍCULO","NO REPORTADO","NO REPORTADO","PEND. NOTIFICACIÓN","URBANA","RESIDENCIAL","TRAMO DE VÍA","NORMAL","NO REPORTA","VÍA MEDELLÍN BOGOTÁ KM 23 + 500","0","0","0","0","0","0"
"2018-08-28T00:00:00.000Z","12:08","d","CHOQUE","Ciclista-Motociclista","VEHÍCULO","NO REPORTADO","NO REPORTADO","PEND. NOTIFICACIÓN","URBANA","RESIDENCIAL","TRAMO DE VÍA","NORMAL","NO REPORTA","AUTOPISTA MEDELLÍN - BOGOTÁ KM 23 + 60 - RUTA 6004","0","0","0","0","0","0"
"2019-09-18T00:00:00.000Z","03:09","d","CHOQUE","Ciclista-Motociclista","SEMOVIENTE","NO REPORTADO","NO REPORTADO","PEND. NOTIFICACIÓN","URBANA","RESIDENCIAL","TRAMO DE VÍA","NORMAL","GUARNE","AUTOPISTA MEDELLÍN - BOGOTÁ KM 21 + 900","0","0","0","0","0","0"
"2019-09-20T00:00:00.000Z","02:09","d","CHOQUE","Ciclista-Motociclista","SEMOVIENTE","NO REPORTADO","NO REPORTADO","PEND. NOTIFICACIÓN","URBANA","RESIDENCIAL","TRAMO DE VÍA","NORMAL","GUARNE","AUTOPISTA MEDELLÍN - BOGOTÁ KM 21 + 750","0","0","0","0","0","0"
"2019-09-26T00:00:00.000Z","17:09","d","CHOQUE","Ciclista-Motociclista","VEHÍCULO","NO REPORTADO","NO REPORTADO","PEND. NOTIFICACIÓN","RURAL","NO REPORTADO","TRAMO DE VÍA","NORMAL","GUARNE","PARQUE INDUSTRIAL BICENTENARIO","0","0","0","0","0","0"
"2018-12-14T00:00:00.000Z","14:12","d","CHOQUE","Ciclista-Motociclista","VEHÍCULO","NO REPORTADO","NO REPORTADO","FALLADO","RURAL","NO REPORTADO","TRAMO DE VÍA","NORMAL","ITUANGO","MARGEN IZQUIERDA VÍA PUNTO DE PRESA HIDROITUANGO - SECTOR CAPITANES.","0","0","0","0","0","0"
"2018-03-14T00:00:00.000Z","16:03","d","CHOQUE","Ciclista-Motociclista","VEHÍCULO","NO REPORTADO","NO REPORTADO","PEND. NOTIFICACIÓN","URBANA","RESIDENCIAL","TRAMO DE VÍA","NORMAL","NO REPORTA","AUTOPISTA MEDELLÍN BOGOTÁ KM 20-800","0","0","0","0","0","0"
"2018-04-24T00:00:00.000Z","10:04","d","CHOQUE","Ciclista-Motociclista","VEHÍCULO","NO REPORTADO","NO REPORTADO","PEND. NOTIFICACIÓN","URBANA","RESIDENCIAL","TRAMO DE VÍA","NORMAL","NO REPORTA","CRA 52 CALLE 49","0","0","0","0","0","0"
"2018-05-04T00:00:00.000Z","15:05","d","CHOQUE","Ciclista-Motociclista","VEHÍCULO","NO REPORTADO","NO REPORTADO","PEND. NOTIFICACIÓN","RURAL","NO REPORTADO","TRAMO DE VÍA","LLUVIA","NO REPORTA","VÍA VEREDA GARRIDO","0","0","0","0","0","0"
"2018-06-08T00:00:00.000Z","13:06","m","VOLCAMIENTO","Ciclista-Motociclista","NO REPORTADO","NO REPORTADO","NO REPORTADO","PEND. NOTIFICACIÓN","RURAL","NO REPORTADO","TRAMO DE VÍA","NORMAL","CONCORDIA","VEREDA PUEBLO RICO SECTOR PLATANILLAL","0","0","4","1","2","3"
"2017-09-03T00:00:00.000Z","02:09","m","CHOQUE","Ciclista-Motociclista","VEHÍCULO","NO REPORTADO","NO REPORTADO","PEND. NOTIFICACIÓN","RURAL","NO REPORTADO","TRAMO DE VÍA","NORMAL","FREDONIA","60AN09 VÍA AMAGA FREDONIA KILOMETRO  11+000","0","0","2","2","1","3"
"2017-09-05T00:00:00.000Z","16:09","m","VOLCAMIENTO","Ciclista-Motociclista","NO REPORTADO","NO REPORTADO","NO REPORTADO","FALLADO","RURAL","NO REPORTADO","TRAMO DE VÍA","NORMAL","ITUANGO","VEREDA SANTA LUCIA-ITUANGO","0","3","0","1","2","2"
"2015-08-20T00:00:00.000Z","17:08","m","VOLCAMIENTO","Ciclista-Motociclista","NO REPORTADO","NO REPORTADO","NO REPORTADO","PEND. NOTIFICACIÓN","RURAL","NO REPORTADO","TRAMO DE VÍA","NORMAL","COCORNA","AUTOPISTA COCORNA KM 2+00","0","0","25","0","23","2"
"2017-12-03T00:00:00.000Z","19:12","m","CHOQUE","Ciclista-Motociclista","OBJETO FIJO","MURO","NO REPORTADO","PEND. NOTIFICACIÓN","RURAL","NO REPORTADO","TRAMO DE VÍA","NORMAL","LIBORINA","VÍA LIBORINA SAN DIEGO","0","0","2","1","1","2"
"2014-12-20T00:00:00.000Z","13:12","m","VOLCAMIENTO","Ciclista-Motociclista","NO REPORTADO","NO REPORTADO","NO REPORTADO","PEND. NOTIFICACIÓN","RURAL","NO REPORTADO","TRAMO DE VÍA","NORMAL","GUARNE","VÍA TERCIARIA, CARRETEABLE KM 4","0","0","16","1","15","2"
"2016-11-27T00:00:00.000Z","09:11","m","CHOQUE","Ciclista-Motociclista","VEHÍCULO","NO REPORTADO","NO REPORTADO","PEND. NOTIFICACIÓN","RURAL","NO REPORTADO","TRAMO DE VÍA","NORMAL","NO REPORTA","BOLOMBOLO-CONCORDIA KM 0,890","0","0","1","1","0","2"
"2019-03-16T00:00:00.000Z","23:03","m","CHOQUE","Ciclista-Motociclista","VEHÍCULO","NO REPORTADO","NO REPORTADO","FALLADO","URBANA","RESIDENCIAL","INTERSECCIÓN","NORMAL","AMAGA","R 6003 K/M 81+820 LA MANSA PRIMAVERA","0","0","2","2","3","1"