"fecha_accidente","hora_accidente","gravedad","clase_accidente","causante_accidente","descripcion_colisionante","descripcion_objeto_fijo","zona_accidente","descripcion_de_estado","area_accidente","sector_accidente","descripcion_localizacion","estado_clima","municipio","direccion_lugar","numero_victima_peaton","numero_victima_acompanante","numero_victima_pasajero","numero_victima_conductor","numero_victima_herido","numero_victima_muerto"
"2018-10-19T00:00:00.000Z","14:10","m","CAÍDA OCUPANTE","Ciclista-Motociclista","NO REPORTADO","NO REPORTADO","NO REPORTADO","PEND. NOTIFICACIÓN","RURAL","NO REPORTADO","TRAMO DE VÍA","NORMAL","NO REPORTA","CARRETEABLE URDA AGUADITAS - TABACAL","0","0","5","0","4","1"
"2018-03-12T00:00:00.000Z","18:03","m","CHOQUE","Ciclista-Motociclista","OBJETO FIJO","VALLA, SEÑAL","NO REPORTADO","PEND. NOTIFICACIÓN","RURAL","NO REPORTADO","TRAMO DE VÍA","NORMAL","NO REPORTA","VEREDA CIRUELAL CÓRDOBA","0","0","0","1","0","1"
"2018-08-08T00:00:00.000Z","16:08","m","VOLCAMIENTO","Ciclista-Motociclista","NO REPORTADO","NO REPORTADO","NO REPORTADO","PEND. NOTIFICACIÓN","URBANA","RESIDENCIAL","TRAMO DE VÍA","NORMAL","NO REPORTA","CARRERA 52 SECTOR LA CABAÑA","0","0","0","1","0","1"
"2016-07-21T00:00:00.000Z","15:07","m","VOLCAMIENTO","Ciclista-Motociclista","NO REPORTADO","NO REPORTADO","NO REPORTADO","PEND. DECLARACIÓN","RURAL","NO REPORTADO","TRAMO DE VÍA","NORMAL","NO REPORTA","KILOMETRO 6 MAS 415","0","1","0","0","0","1"
"2016-07-25T00:00:00.000Z","18:07","m","CHOQUE","Ciclista-Motociclista","VEHÍCULO","NO REPORTADO","NO REPORTADO","PEND. NOTIFICACIÓN","RURAL","NO REPORTADO","TRAMO DE VÍA","NORMAL","NO REPORTA","VEREDA EL LIBANO, FINCA DE MANOLO","0","0","0","2","1","1"
"2016-07-16T00:00:00.000Z","19:07","m","CHOQUE","Ciclista-Motociclista","SEMOVIENTE","NO REPORTADO","NO REPORTADO","PEND. NOTIFICACIÓN","URBANA","RESIDENCIAL","TRAMO DE VÍA","LLUVIA","GUARNE","CARRERA 4 CON CALLE 7 FRENTE AL  Nº 3-51","1","0","0","0","0","1"
"2021-05-16T00:00:00.000Z","00:05","m","CHOQUE","Ciclista-Motociclista","VEHÍCULO","NO REPORTADO","NO REPORTADO","PEND. NOTIFICACIÓN","RURAL","NO REPORTADO","TRAMO DE VÍA","NORMAL","NO REPORTA","VÍA SAN LUIS EL CRUCE","0","0","1","0","0","1"
"2018-11-03T00:00:00.000Z","07:11","m","CHOQUE","Ciclista-Motociclista","VEHÍCULO","NO REPORTADO","ESCOLAR","PEND. NOTIFICACIÓN","RURAL","NO REPORTADO","TRAMO DE VÍA","NORMAL","NO REPORTA","KILOMETRO 1 + 709 METROS","0","0","0","1","0","1"
"2018-03-25T00:00:00.000Z","18:03","m","ATROPELLO","Ciclista-Motociclista","NO REPORTADO","NO REPORTADO","NO REPORTADO","PEND. NOTIFICACIÓN","URBANA","RESIDENCIAL","TRAMO DE VÍA","NORMAL","NO REPORTA","AUTOPISTA MEDELLÍN BOGOTÁ KM21 + 860","1","0","0","0","0","1"
"2018-07-05T00:00:00.000Z","19:07","m","ATROPELLO","Ciclista-Motociclista","NO REPORTADO","NO REPORTADO","NO REPORTADO","PEND. NOTIFICACIÓN","URBANA","RESIDENCIAL","TRAMO DE VÍA","NORMAL","NO REPORTA","AUTOPISTA MEDELLÍN BOGOTÁ KM 22 +980","1","0","0","0","0","1"
"2020-02-25T00:00:00.000Z","17:02","m","CHOQUE","Ciclista-Motociclista","VEHÍCULO","NO REPORTADO","NO REPORTADO","PEND. NOTIFICACIÓN","URBANA","RESIDENCIAL","TRAMO DE VÍA","NORMAL","NO REPORTA","BARRIO SANTA CRA 14 FRENTE AL NUMERO 14-34","0","0","0","1","0","1"
"2018-01-14T00:00:00.000Z","13:01","m","CHOQUE","Ciclista-Motociclista","VEHÍCULO","NO REPORTADO","NO REPORTADO","PEND. NOTIFICACIÓN","RURAL","NO REPORTADO","TRAMO DE VÍA","NORMAL","NO REPORTA","SECTOR EL ESTADERO PUENTE LA VIEJA","0","0","0","1","0","1"
"2021-07-26T00:00:00.000Z","11:07","m","CAÍDA OCUPANTE","Ciclista-Motociclista","NO REPORTADO","NO REPORTADO","NO REPORTADO","PEND. NOTIFICACIÓN","RURAL","NO REPORTADO","TRAMO DE VÍA","NORMAL","NO REPORTA","VÍA EL CRUCE - SAN LUIS","0","0","0","1","0","1"
"2015-10-31T00:00:00.000Z","10:10","m","CHOQUE","Ciclista-Motociclista","VEHÍCULO","NO REPORTADO","NO REPORTADO","FALLADO","RURAL","NO REPORTADO","TRAMO DE VÍA","NORMAL","NO REPORTA","LLANO DE SAN JOSÉ","0","0","0","1","0","1"
"2015-12-03T00:00:00.000Z","08:12","m","CHOQUE","Ciclista-Motociclista","VEHÍCULO","NO REPORTADO","NO REPORTADO","PEND. NOTIFICACIÓN","RURAL","NO REPORTADO","TRAMO DE VÍA","NORMAL","NO REPORTA","SECTOR LAS PICAS","0","0","0","1","0","1"
"2016-01-26T00:00:00.000Z","17:01","m","CHOQUE","Ciclista-Motociclista","OBJETO FIJO","ÁRBOL","NO REPORTADO","FALLADO","URBANA","RESIDENCIAL","TRAMO DE VÍA","LLUVIA","NO REPORTA","SECTOR EL VIAJERO VÍA AMAGA BOLOMBOLO KM 79+700 RUTA 6003","0","0","0","1","0","1"
"2016-07-18T00:00:00.000Z","15:07","m","ATROPELLO","Ciclista-Motociclista","NO REPORTADO","NO REPORTADO","NO REPORTADO","FALLADO","RURAL","NO REPORTADO","TRAMO DE VÍA","NORMAL","NO REPORTA","ANGELOPOLIS AMAGÁ CURVA DEL CARIBE","1","0","0","0","0","1"
"2016-10-16T00:00:00.000Z","16:10","m","VOLCAMIENTO","Ciclista-Motociclista","NO REPORTADO","NO REPORTADO","NO REPORTADO","PEND. NOTIFICACIÓN","RURAL","NO REPORTADO","TRAMO DE VÍA","NORMAL","GUARNE","TRANSITO SOPETRAN","0","0","1","1","1","1"
"2016-10-07T00:00:00.000Z","12:10","m","ATROPELLO","Ciclista-Motociclista","NO REPORTADO","NO REPORTADO","NO REPORTADO","PEND. NOTIFICACIÓN","URBANA","COMERCIAL","INTERSECCIÓN","NORMAL","GUARNE","CARRERA BOLÍVAR CON CALLE 21 PARQUE PRINCIPAL","1","0","0","0","0","1"
"2017-01-13T00:00:00.000Z","13:01","m","CAÍDA OCUPANTE","Ciclista-Motociclista","NO REPORTADO","NO REPORTADO","NO REPORTADO","FALLADO","RURAL","NO REPORTADO","INTERSECCIÓN","NORMAL","AMAGA","SECTOR LA MAGU CORREGIMIENTO MINAS","0","0","1","0","0","1"
"2016-10-05T00:00:00.000Z","12:10","m","VOLCAMIENTO","Ciclista-Motociclista","NO REPORTADO","NO REPORTADO","NO REPORTADO","PEND. NOTIFICACIÓN","RURAL","NO REPORTADO","TRAMO DE VÍA","LLUVIA","GUARNE","VÍA ABEJORRAL-VEREDA EL ERIZO","0","0","0","1","0","1"
"2016-09-23T00:00:00.000Z","21:09","m","OTRO","Ciclista-Motociclista","NO REPORTADO","NO REPORTADO","NO REPORTADO","PEND. NOTIFICACIÓN","URBANA","RESIDENCIAL","TRAMO DE VÍA","NORMAL","NO REPORTA","VÍA SOPETRAN MEDELLÍN SECTOR BOSQUES DE OCCIDENTE","0","0","0","1","0","1"
"2015-10-20T00:00:00.000Z","08:10","m","CHOQUE","Ciclista-Motociclista","OBJETO FIJO","OTRO","NO REPORTADO","FALLADO","URBANA","RESIDENCIAL","TRAMO DE VÍA","NORMAL","AMAGA","SECTOR CORAZÓN DE JESÚS","0","0","0","1","0","1"
"2014-12-20T00:00:00.000Z","08:12","m","ATROPELLO","Ciclista-Motociclista","NO REPORTADO","NO REPORTADO","NO REPORTADO","PEND. NOTIFICACIÓN","RURAL","NO REPORTADO","TRAMO DE VÍA","NORMAL","NO REPORTA","VÍA A MINAS VEREDA NICANOR","0","0","0","1","0","1"
"2016-01-16T00:00:00.000Z","23:01","m","CHOQUE","Ciclista-Motociclista","OBJETO FIJO","OTRO","NO REPORTADO","PEND. DECLARACIÓN","RURAL","NO REPORTADO","TRAMO DE VÍA","NORMAL","FREDONIA","VÍA CAMILO C FREDONIA KM5-886","0","0","0","1","0","1"
"2014-11-27T00:00:00.000Z","13:11","m","CHOQUE","Ciclista-Motociclista","VEHÍCULO","NO REPORTADO","NO REPORTADO","PEND. DECLARACIÓN","RURAL","NO REPORTADO","TRAMO DE VÍA","NORMAL","GUARNE","VÍA VEREDA  MINAS LA CLARITA - AMAGA","0","0","0","1","0","1"
"2015-11-22T00:00:00.000Z","15:11","m","CHOQUE","Ciclista-Motociclista","VEHÍCULO","NO REPORTADO","NO REPORTADO","FALLADO","RURAL","NO REPORTADO","TRAMO DE VÍA","NORMAL","AMAGA","FREDONIA MEDELLÍN SECTOR ALTOS DE LA BONITA","0","0","0","1","0","1"
"2019-08-03T00:00:00.000Z","13:08","m","ATROPELLO","Ciclista-Motociclista","NO REPORTADO","NO REPORTADO","NO REPORTADO","PEND. NOTIFICACIÓN","URBANA","INDUSTRIAL","TRAMO DE VÍA","NORMAL","NO REPORTA","AUTOPISTA MEDELLÍN KM 20 600","1","0","0","0","0","1"
"2019-03-15T00:00:00.000Z","22:03","m","ATROPELLO","Ciclista-Motociclista","NO REPORTADO","NO REPORTADO","NO REPORTADO","PEND. NOTIFICACIÓN","RURAL","NO REPORTADO","TRAMO DE VÍA","NORMAL","NO REPORTA","CALLE 1N.146-66","0","0","0","1","0","1"
"2017-07-02T00:00:00.000Z","12:07","m","CHOQUE","Ciclista-Motociclista","VEHÍCULO","NO REPORTADO","NO REPORTADO","FALLADO","RURAL","NO REPORTADO","TRAMO DE VÍA","NORMAL","NO REPORTA","CORREGIMIENTO DE CÓRDOBA","0","0","0","1","0","1"
"2018-02-23T00:00:00.000Z","18:02","m","VOLCAMIENTO","Ciclista-Motociclista","NO REPORTADO","NO REPORTADO","NO REPORTADO","FALLADO","URBANA","RESIDENCIAL","TRAMO DE VÍA","NORMAL","STAFE DE ANTIOQUIA","VÍA SANTA FE MEDELLÍN KM 9+080","0","0","0","1","0","1"
"2018-03-18T00:00:00.000Z","17:03","m","CHOQUE","Ciclista-Motociclista","VEHÍCULO","NO REPORTADO","NO REPORTADO","PEND. NOTIFICACIÓN","URBANA","INDUSTRIAL","TRAMO DE VÍA","NORMAL","NO REPORTA","AUTOPISTA MEDELLÍN BOGOTÁ KM 23 600","0","0","0","1","0","1"
"2015-06-21T00:00:00.000Z","13:06","m","CHOQUE","Ciclista-Motociclista","VEHÍCULO","NO REPORTADO","NO REPORTADO","PEND. NOTIFICACIÓN","RURAL","NO REPORTADO","TRAMO DE VÍA","NORMAL","GRANADA","AUTOPISTA GRANADA KILOMETRO 10+400","0","0","1","1","1","1"
"2020-12-25T00:00:00.000Z","20:12","m","CHOQUE","Ciclista-Motociclista","VEHÍCULO","NO REPORTADO","NO REPORTADO","FALLADO","URBANA","RESIDENCIAL","TRAMO DE VÍA","NORMAL","NO REPORTA","VÍA PRINCIPAL ITUANGO -MEDELLÍN SECTOR PEÑITAS","0","1","0","2","2","1"
"2019-11-03T00:00:00.000Z","13:11","m","CHOQUE","Ciclista-Motociclista","VEHÍCULO","NO REPORTADO","NO REPORTADO","PEND. NOTIFICACIÓN","RURAL","NO REPORTADO","TRAMO DE VÍA","NORMAL","NO REPORTA","KM2 VÍA MEDELLÍN - SANTO DOMINGO","0","0","1","0","0","1"
"2019-01-26T00:00:00.000Z","00:01","h","ATROPELLO","Ciclista-Motociclista","NO REPORTADO","NO REPORTADO","NO REPORTADO","PEND. NOTIFICACIÓN","URBANA","RESIDENCIAL","TRAMO DE VÍA","NORMAL","NO REPORTA","CALLE 11 CARRERA 12","1","0","0","0","1","0"
"2019-02-01T00:00:00.000Z","20:02","h","CHOQUE","Ciclista-Motociclista","VEHÍCULO","NO REPORTADO","NO REPORTADO","FALLADO","RURAL","NO REPORTADO","TRAMO DE VÍA","NORMAL","NO REPORTA","KILOMETRO 78+842 SENTIDO EL BOMBILLO-ITUANGO","0","0","0","1","1","0"
"2018-02-10T00:00:00.000Z","18:02","h","CHOQUE","Ciclista-Motociclista","VEHÍCULO","NO REPORTADO","NO REPORTADO","PEND. NOTIFICACIÓN","RURAL","NO REPORTADO","TRAMO DE VÍA","NORMAL","NO REPORTA","SEQUIA GRANDE CORREGIMIENTO DE CÓRDOBA","0","0","1","1","2","0"
"2017-10-11T00:00:00.000Z","17:10","h","ATROPELLO","Ciclista-Motociclista","NO REPORTADO","NO REPORTADO","NO REPORTADO","PEND. NOTIFICACIÓN","RURAL","NO REPORTADO","TRAMO DE VÍA","NORMAL","NO REPORTA","VEREDA EL CINCO FRENTE ALA FINCA LA PLANCHA","0","0","1","0","1","0"
"2021-10-24T00:00:00.000Z","08:10","h","CHOQUE","Ciclista-Motociclista","VEHÍCULO","NO REPORTADO","NO REPORTADO","PEND. NOTIFICACIÓN","URBANA","RESIDENCIAL","TRAMO DE VÍA","NORMAL","ABEJORRAL","CRA 53 CALLE 53 BARRIO CALIBIO ABEJORRAL","0","0","0","2","2","0"
"2018-02-28T00:00:00.000Z","17:02","h","CHOQUE","Ciclista-Motociclista","VEHÍCULO","NO REPORTADO","NO REPORTADO","FALLADO","URBANA","RESIDENCIAL","TRAMO DE VÍA","NORMAL","NO REPORTA","KM 6+850","0","0","0","1","1","0"
"2021-12-18T00:00:00.000Z","09:12","h","VOLCAMIENTO","Ciclista-Motociclista","NO REPORTADO","NO REPORTADO","NO REPORTADO","PEND. NOTIFICACIÓN","RURAL","NO REPORTADO","TRAMO DE VÍA","LLUVIA","ABEJORRAL","ABEJORRAL LA CEJA KM 16","0","0","1","0","1","0"
"2017-12-25T00:00:00.000Z","09:12","h","CHOQUE","Ciclista-Motociclista","VEHÍCULO","NO REPORTADO","NO REPORTADO","FALLADO","RURAL","NO REPORTADO","TRAMO DE VÍA","NORMAL","FREDONIA","SECTOR EL CINCO","0","0","0","1","1","0"
"2021-01-11T00:00:00.000Z","15:01","h","CHOQUE","Ciclista-Motociclista","VEHÍCULO","NO REPORTADO","NO REPORTADO","PEND. DECLARACIÓN","URBANA","RESIDENCIAL","TRAMO DE VÍA","NORMAL","NO REPORTA","VÍA PRINCIPAL ITUANGO-MEDELLÍN, SECTOR PEÑITAS","0","1","0","1","2","0"
"2018-11-25T00:00:00.000Z","11:11","h","CHOQUE","Ciclista-Motociclista","VEHÍCULO","NO REPORTADO","NO REPORTADO","PEND. NOTIFICACIÓN","URBANA","RESIDENCIAL","TRAMO DE VÍA","NORMAL","LA UNIÓN","CARRERA 10 FRENTE A LA VIVIENDA 6-05","0","0","0","2","2","0"
"2018-07-12T00:00:00.000Z","04:07","h","ATROPELLO","Ciclista-Motociclista","NO REPORTADO","NO REPORTADO","NO REPORTADO","FALLADO","URBANA","RESIDENCIAL","TRAMO DE VÍA","NORMAL","NO REPORTA","CAMPIÑAS DE SAN FERNANDO","0","0","0","1","1","0"
"2021-07-22T00:00:00.000Z","08:07","h","CHOQUE","Ciclista-Motociclista","VEHÍCULO","NO REPORTADO","NO REPORTADO","PEND. NOTIFICACIÓN","RURAL","NO REPORTADO","TRAMO DE VÍA","NORMAL","NO REPORTA","VÍA SAN LUIS LA CUBA","0","0","0","1","1","0"
"2017-09-23T00:00:00.000Z","07:09","h","CHOQUE","Ciclista-Motociclista","VEHÍCULO","NO REPORTADO","NO REPORTADO","PEND. NOTIFICACIÓN","RURAL","NO REPORTADO","TRAMO DE VÍA","NORMAL","FREDONIA","VÍA FREDONIA - MEDELLÍN SECTOR CURVA DEL DIABLO","0","0","4","0","4","0"
"2017-09-23T00:00:00.000Z","12:09","h","CHOQUE","Ciclista-Motociclista","VEHÍCULO","NO REPORTADO","NO REPORTADO","FALLADO","RURAL","NO REPORTADO","TRAMO DE VÍA","NORMAL","NO REPORTA","FREDONIA CAMILO C LA LUCHA","0","0","1","0","1","0"
"2018-11-03T00:00:00.000Z","16:11","h","CHOQUE","Ciclista-Motociclista","VEHÍCULO","NO REPORTADO","NO REPORTADO","PEND. NOTIFICACIÓN","URBANA","COMERCIAL","TRAMO DE VÍA","NORMAL","NO REPORTA","CARRERA 10 CON CALLE 10 MESOPOTAMIA","0","0","1","0","1","0"
"2019-02-21T00:00:00.000Z","16:02","h","VOLCAMIENTO","Ciclista-Motociclista","NO REPORTADO","NO REPORTADO","NO REPORTADO","PEND. NOTIFICACIÓN","RURAL","NO REPORTADO","TRAMO DE VÍA","NORMAL","LA UNIÓN","VÍA LA UNIÓN SONSON KILOMETRO 64","0","0","0","1","1","0"
"2019-01-17T00:00:00.000Z","14:01","h","ATROPELLO","Ciclista-Motociclista","NO REPORTADO","NO REPORTADO","NO REPORTADO","PEND. NOTIFICACIÓN","URBANA","RESIDENCIAL","TRAMO DE VÍA","NORMAL","NO REPORTA","CARRERA 51 N 47 51","0","0","1","0","1","0"
"2019-01-30T00:00:00.000Z","15:01","h","ATROPELLO","Ciclista-Motociclista","NO REPORTADO","NO REPORTADO","NO REPORTADO","PEND. NOTIFICACIÓN","RURAL","NO REPORTADO","TRAMO DE VÍA","NORMAL","NO REPORTA","TRANSVERSAL 88 N 19 A 50","0","0","1","0","1","0"
"2019-05-03T00:00:00.000Z","16:05","h","CAÍDA OCUPANTE","Ciclista-Motociclista","NO REPORTADO","NO REPORTADO","NO REPORTADO","PEND. NOTIFICACIÓN","RURAL","NO REPORTADO","TRAMO DE VÍA","NORMAL","NO REPORTA","VEREDA PIEDRAS BLANCAS","0","0","0","1","1","0"
"2018-07-22T00:00:00.000Z","13:07","h","ATROPELLO","Ciclista-Motociclista","NO REPORTADO","NO REPORTADO","NO REPORTADO","PEND. NOTIFICACIÓN","URBANA","RESIDENCIAL","TRAMO DE VÍA","NORMAL","NO REPORTA","CR 48 N 41 B 20 CENTRO PLAZA","1","0","0","0","1","0"
"2018-03-10T00:00:00.000Z","11:03","h","ATROPELLO","Ciclista-Motociclista","NO REPORTADO","NO REPORTADO","NO REPORTADO","PEND. NOTIFICACIÓN","RURAL","NO REPORTADO","TRAMO DE VÍA","NORMAL","NO REPORTA","VEREDA LA HONDITA VÍA LA MAYORÍA","0","0","1","0","1","0"
"2018-03-13T00:00:00.000Z","21:03","h","CHOQUE","Ciclista-Motociclista","VEHÍCULO","NO REPORTADO","NO REPORTADO","PEND. NOTIFICACIÓN","URBANA","INDUSTRIAL","TRAMO DE VÍA","NORMAL","NO REPORTA","AUTOPISTA MEDELLÍN BOGOTÁ KM 20 800","0","0","1","0","1","0"
"2018-01-06T00:00:00.000Z","10:01","h","CHOQUE","Ciclista-Motociclista","VEHÍCULO","NO REPORTADO","NO REPORTADO","FALLADO","URBANA","RESIDENCIAL","TRAMO DE VÍA","NORMAL","NO REPORTA","VÍA PRINCIPAL CRA 14A N.3A VARIANTE","0","0","0","2","2","0"
"2019-04-14T00:00:00.000Z","17:04","h","CHOQUE","Ciclista-Motociclista","VEHÍCULO","NO REPORTADO","ESCOLAR","PEND. NOTIFICACIÓN","RURAL","NO REPORTADO","TRAMO DE VÍA","NORMAL","NO REPORTA","VEREDA YOLOMBAL","0","0","0","0","1","0"
"2018-11-25T00:00:00.000Z","09:11","h","CHOQUE","Ciclista-Motociclista","VEHÍCULO","NO REPORTADO","NO REPORTADO","PEND. NOTIFICACIÓN","RURAL","NO REPORTADO","TRAMO DE VÍA","NORMAL","NO REPORTA","SALIDA HACIA MEDELLÍN- EL FILO DE LA AURORA","0","0","1","1","2","0"
"2019-04-28T00:00:00.000Z","18:04","h","CHOQUE","Ciclista-Motociclista","VEHÍCULO","NO REPORTADO","NO REPORTADO","PEND. NOTIFICACIÓN","URBANA","COMERCIAL","TRAMO DE VÍA","NORMAL","LA UNIÓN","CARRERA 9 CON ALLE 12","0","0","0","1","1","0"
"2018-05-17T00:00:00.000Z","19:05","h","CHOQUE","Ciclista-Motociclista","VEHÍCULO","NO REPORTADO","NO REPORTADO","PEND. NOTIFICACIÓN","URBANA","RESIDENCIAL","TRAMO DE VÍA","NORMAL","NO REPORTA","VÍA MEDELLÍN - BOGOTÁ KM 20 + 693","0","0","0","1","1","0"
"2019-09-22T00:00:00.000Z","13:09","h","ATROPELLO","Ciclista-Motociclista","NO REPORTADO","NO REPORTADO","NO REPORTADO","PEND. NOTIFICACIÓN","URBANA","RESIDENCIAL","TRAMO DE VÍA","NORMAL","GUARNE","AUTOPISTA MEDELLÍN - BOGOTÁ KM 22 + 300","1","0","0","0","1","0"
"2019-09-28T00:00:00.000Z","08:09","h","CHOQUE","Ciclista-Motociclista","VEHÍCULO","NO REPORTADO","NO REPORTADO","PEND. NOTIFICACIÓN","RURAL","NO REPORTADO","TRAMO DE VÍA","NORMAL","GUARNE","VEREDA CANOAS","0","0","0","1","1","0"
"2019-08-08T00:00:00.000Z","08:08","h","CHOQUE","Ciclista-Motociclista","VEHÍCULO","NO REPORTADO","NO REPORTADO","PEND. DECLARACIÓN","RURAL","NO REPORTADO","TRAMO DE VÍA","NORMAL","NO REPORTA","KILOMETRO 64+450 MTS-RUTA 25AN11-1 ITUANGO-MEDELLÍN","0","0","0","2","2","0"
"2018-05-06T00:00:00.000Z","11:05","h","ATROPELLO","Ciclista-Motociclista","NO REPORTADO","NO REPORTADO","NO REPORTADO","PEND. NOTIFICACIÓN","URBANA","RESIDENCIAL","TRAMO DE VÍA","NORMAL","NO REPORTA","VÍA MEDELLÍN BOGOTÁ KM 22 + 310","1","0","0","0","1","0"
"2018-05-01T00:00:00.000Z","13:05","h","CHOQUE","Ciclista-Motociclista","VEHÍCULO","NO REPORTADO","NO REPORTADO","PEND. NOTIFICACIÓN","RURAL","NO REPORTADO","TRAMO DE VÍA","NORMAL","NO REPORTA","VÍA GUARNE - YOLOMBAL","0","0","0","1","1","0"
"2017-09-16T00:00:00.000Z","07:09","h","CHOQUE","Ciclista-Motociclista","VEHÍCULO","NO REPORTADO","NO REPORTADO","PEND. NOTIFICACIÓN","RURAL","NO REPORTADO","TRAMO DE VÍA","NORMAL","FREDONIA","PUENTE IGLESIAS FREDONIA KM 9+550","0","0","0","1","1","0"
"2018-07-16T00:00:00.000Z","06:07","h","CHOQUE","Ciclista-Motociclista","VEHÍCULO","NO REPORTADO","NO REPORTADO","PEND. NOTIFICACIÓN","URBANA","COMERCIAL","GLORIETA","NORMAL","NO REPORTA","ROMPOY PLAZA DE MERCADO","0","0","0","1","1","0"
"2018-03-31T00:00:00.000Z","16:03","h","CHOQUE","Ciclista-Motociclista","VEHÍCULO","NO REPORTADO","NO REPORTADO","PEND. NOTIFICACIÓN","RURAL","NO REPORTADO","TRAMO DE VÍA","NORMAL","NO REPORTA","VÍA SANTA FE DE ANTIOQUIA MEDELLÍN KM 10+340","0","0","0","1","1","0"
"2018-08-23T00:00:00.000Z","16:08","h","CHOQUE","Ciclista-Motociclista","VEHÍCULO","NO REPORTADO","NO REPORTADO","FALLADO","RURAL","NO REPORTADO","TRAMO DE VÍA","LLUVIA","AMAGA","ALTOS DE LA BONITA","0","0","1","1","2","0"
"2019-01-01T00:00:00.000Z","04:01","h","ATROPELLO","Ciclista-Motociclista","NO REPORTADO","NO REPORTADO","NO REPORTADO","PEND. NOTIFICACIÓN","URBANA","INDUSTRIAL","TRAMO DE VÍA","NORMAL","NO REPORTA","AUTOPISTA MEDELLÍN BOGOTÁ KM 21 + 150","0","0","0","1","1","0"
"2018-03-17T00:00:00.000Z","21:03","h","CHOQUE","Ciclista-Motociclista","VEHÍCULO","NO REPORTADO","NO REPORTADO","FALLADO","URBANA","RESIDENCIAL","TRAMO DE VÍA","NORMAL","SOPETRAN","VÍA PRINCIPAL LLANO DE MONTAÑA","0","0","0","1","1","0"
"2018-02-09T00:00:00.000Z","21:02","h","CHOQUE","Ciclista-Motociclista","VEHÍCULO","NO REPORTADO","NO REPORTADO","FALLADO","URBANA","RESIDENCIAL","TRAMO DE VÍA","NORMAL","NO REPORTA","SECTOR EL INDALO RUTA 6003","0","0","0","1","1","0"
"2018-10-28T00:00:00.000Z","16:10","h","CHOQUE","Ciclista-Motociclista","VEHÍCULO","NO REPORTADO","NO REPORTADO","FALLADO","RURAL","NO REPORTADO","INTERSECCIÓN","NORMAL","AMAGA","VÍA LA MANZA PRIMAVERA KILOMETRO 80+630","0","0","1","1","2","0"
"2017-05-29T00:00:00.000Z","19:05","h","CHOQUE","Ciclista-Motociclista","SEMOVIENTE","NO REPORTADO","NO REPORTADO","PEND. NOTIFICACIÓN","RURAL","NO REPORTADO","TRAMO DE VÍA","NORMAL","VALPARAÍSO","VÍA VALPARAÍSO LA PINTADA","0","0","0","1","1","0"
"2018-10-27T00:00:00.000Z","08:10","h","CHOQUE","Ciclista-Motociclista","VEHÍCULO","NO REPORTADO","NO REPORTADO","PEND. NOTIFICACIÓN","URBANA","RESIDENCIAL","TRAMO DE VÍA","NORMAL","NO REPORTA","KILOMETRO 20 + 770 AUTOPISTA MEDELLÍN - BOGOTÁ","0","0","0","1","1","0"
"2019-08-04T00:00:00.000Z","20:08","h","ATROPELLO","Ciclista-Motociclista","NO REPORTADO","NO REPORTADO","NO REPORTADO","PEND. NOTIFICACIÓN","RURAL","NO REPORTADO","TRAMO DE VÍA","NORMAL","NO REPORTA","VEREDA TOLDAS SECTOR LAS MARRANERAS","0","0","1","0","1","0"
"2018-10-21T00:00:00.000Z","16:10","h","CAÍDA OCUPANTE","Ciclista-Motociclista","NO REPORTADO","NO REPORTADO","NO REPORTADO","PEND. NOTIFICACIÓN","RURAL","NO REPORTADO","TRAMO DE VÍA","LLUVIA","NO REPORTA","KILOMETRO 18+300 VÍA BURITICA- TABACAL","0","0","0","1","1","0"
"2018-10-01T00:00:00.000Z","06:10","h","CHOQUE","Ciclista-Motociclista","VEHÍCULO","NO REPORTADO","NO REPORTADO","FALLADO","URBANA","RESIDENCIAL","INTERSECCIÓN","NORMAL","AMAGA","VÍA LA MANZA PRIMAVERA KM 81+600","0","0","1","0","1","0"
"2018-04-24T00:00:00.000Z","21:04","h","CHOQUE","Ciclista-Motociclista","VEHÍCULO","NO REPORTADO","NO REPORTADO","FALLADO","URBANA","RESIDENCIAL","TRAMO DE VÍA","NORMAL","AMAGA","LA MANSA PRIMAVERA KM 81+800","0","0","0","1","1","0"
"2021-05-31T00:00:00.000Z","14:05","h","CHOQUE","Ciclista-Motociclista","VEHÍCULO","NO REPORTADO","NO REPORTADO","PEND. DECLARACIÓN","RURAL","NO REPORTADO","TRAMO DE VÍA","NORMAL","NO REPORTA","KM 82+973 SENTIDO LLANOS DE CUIVA-ITUANGO","0","0","0","1","1","0"