"fecha_accidente","hora_accidente","gravedad","clase_accidente","causante_accidente","descripcion_colisionante","descripcion_objeto_fijo","zona_accidente","descripcion_de_estado","area_accidente","sector_accidente","descripcion_localizacion","estado_clima","municipio","direccion_lugar","numero_victima_peaton","numero_victima_acompanante","numero_victima_pasajero","numero_victima_conductor","numero_victima_herido","numero_victima_muerto"
"2018-10-04T00:00:00.000Z","17:10","h","CHOQUE","Ciclista-Motociclista","VEHÍCULO","NO REPORTADO","NO REPORTADO","FALLADO","RURAL","NO REPORTADO","TRAMO DE VÍA","NORMAL","AMAGA","VÍA MINAS LA FERRERÍA","0","0","0","2","2","0"
"2018-06-02T00:00:00.000Z","12:06","h","CHOQUE","Ciclista-Motociclista","OBJETO FIJO","BARANDA","NO REPORTADO","PEND. NOTIFICACIÓN","URBANA","RESIDENCIAL","TRAMO DE VÍA","NORMAL","NO REPORTA","VÍA MEDELLÍN - BOGOTÁ KM 21 + 390","0","0","0","1","1","0"
"2018-07-29T00:00:00.000Z","09:07","h","CHOQUE","Ciclista-Motociclista","VEHÍCULO","NO REPORTADO","NO REPORTADO","PEND. NOTIFICACIÓN","RURAL","NO REPORTADO","TRAMO DE VÍA","NORMAL","NO REPORTA","VÍA A PIEDRAS BLANCAS KM 1 - SECTOR EL CANINO","0","0","0","2","2","0"
"2019-09-06T00:00:00.000Z","16:09","h","CHOQUE","Ciclista-Motociclista","VEHÍCULO","NO REPORTADO","NO REPORTADO","PEND. NOTIFICACIÓN","URBANA","RESIDENCIAL","TRAMO DE VÍA","NORMAL","GUARNE","AUTOPISTA MEDELLÍN BOGOTÁ KM 21 + 100","0","0","0","1","1","0"
"2018-12-27T00:00:00.000Z","06:12","h","CHOQUE","Ciclista-Motociclista","VEHÍCULO","NO REPORTADO","NO REPORTADO","PEND. NOTIFICACIÓN","URBANA","RESIDENCIAL","TRAMO DE VÍA","NORMAL","LA UNIÓN","CARRERA 8 CON CALLE 14","0","0","0","1","1","0"
"2019-11-17T00:00:00.000Z","08:11","h","CHOQUE","Ciclista-Motociclista","VEHÍCULO","NO REPORTADO","NO REPORTADO","PEND. NOTIFICACIÓN","RURAL","NO REPORTADO","TRAMO DE VÍA","NORMAL","NO REPORTA","PALO HUECO","0","0","0","1","1","0"
"2017-09-13T00:00:00.000Z","18:09","h","CHOQUE","Ciclista-Motociclista","VEHÍCULO","NO REPORTADO","NO REPORTADO","PEND. NOTIFICACIÓN","RURAL","NO REPORTADO","TRAMO DE VÍA","NORMAL","FREDONIA","CORREGIMIENTO MARSELLA- FINCA FUENTE CLARA, VÍA PUENTE IGLESIAS","0","0","0","1","1","0"
"2017-09-10T00:00:00.000Z","14:09","h","CHOQUE","Ciclista-Motociclista","VEHÍCULO","NO REPORTADO","NO REPORTADO","PEND. NOTIFICACIÓN","RURAL","NO REPORTADO","TRAMO DE VÍA","NORMAL","FREDONIA","VÍA FREDONIA - MEDELLÍN SECTOR EL PIÑONAL","0","0","0","1","1","0"
"2015-05-25T00:00:00.000Z","12:05","h","CHOQUE","Ciclista-Motociclista","VEHÍCULO","NO REPORTADO","NO REPORTADO","FALLADO","RURAL","NO REPORTADO","TRAMO DE VÍA","NORMAL","NO REPORTA","VÍA AMAGÁ ANGELOPOLIS SECTOR EL ALGARROBO MINAS","0","0","0","1","1","0"
"2015-04-29T00:00:00.000Z","12:04","h","CHOQUE","Ciclista-Motociclista","VEHÍCULO","NO REPORTADO","NO REPORTADO","PEND. NOTIFICACIÓN","RURAL","NO REPORTADO","TRAMO DE VÍA","NORMAL","VENECIA","VENECIA BOLOMBOLO","0","0","0","1","1","0"
"2015-03-15T00:00:00.000Z","17:03","h","ATROPELLO","Ciclista-Motociclista","NO REPORTADO","NO REPORTADO","NO REPORTADO","PEND. NOTIFICACIÓN","RURAL","NO REPORTADO","TRAMO DE VÍA","NORMAL","NO REPORTA","VENECIA EL CINCO, ALA ANTIGUA","2","0","0","0","2","0"
"2015-11-15T00:00:00.000Z","13:11","h","CHOQUE","Ciclista-Motociclista","VEHÍCULO","NO REPORTADO","NO REPORTADO","FALLADO","RURAL","NO REPORTADO","TRAMO DE VÍA","NORMAL","FREDONIA","PUENTE IGLESIAS FREDONIA","0","1","0","1","2","0"
"2015-12-30T00:00:00.000Z","10:12","h","CHOQUE","Ciclista-Motociclista","OBJETO FIJO","BARANDA","NO REPORTADO","FALLADO","RURAL","NO REPORTADO","TRAMO DE VÍA","NORMAL","FREDONIA","CAMILO C FREDONIA KMT 14,4","0","0","1","0","1","0"
"2015-06-26T00:00:00.000Z","13:06","h","CHOQUE","Ciclista-Motociclista","VEHÍCULO","NO REPORTADO","NO REPORTADO","FALLADO","RURAL","NO REPORTADO","TRAMO DE VÍA","NORMAL","NO REPORTA","KM 4 VÍA HELICONIA SEVILLA","0","0","0","2","2","0"
"2015-07-18T00:00:00.000Z","14:07","h","CHOQUE","Ciclista-Motociclista","VEHÍCULO","NO REPORTADO","NO REPORTADO","FALLADO","RURAL","NO REPORTADO","TRAMO DE VÍA","NORMAL","FREDONIA","VÍA PUENTE IGLESIAS","0","0","0","1","1","0"
"2014-12-25T00:00:00.000Z","12:12","h","VOLCAMIENTO","Ciclista-Motociclista","NO REPORTADO","NO REPORTADO","NO REPORTADO","PEND. NOTIFICACIÓN","RURAL","NO REPORTADO","TRAMO DE VÍA","NORMAL","VENECIA","VÍA VENECIA VEREDA VILLA SILVIA KM 4","0","0","1","0","1","0"
"2015-05-20T00:00:00.000Z","12:05","h","CHOQUE","Ciclista-Motociclista","VEHÍCULO","NO REPORTADO","NO REPORTADO","FALLADO","RURAL","NO REPORTADO","TRAMO DE VÍA","NORMAL","NO REPORTA","VÍA AMAGA FREDONIA KM 2+615","0","0","1","1","2","0"
"2015-06-15T00:00:00.000Z","15:06","h","CHOQUE","Ciclista-Motociclista","VEHÍCULO","NO REPORTADO","NO REPORTADO","FALLADO","RURAL","NO REPORTADO","INTERSECCIÓN","NORMAL","AMAGA","VÍA LA MANZA PRIMAVERA KM 81+800","0","0","1","2","3","0"
"2015-06-27T00:00:00.000Z","10:06","h","CHOQUE","Ciclista-Motociclista","OBJETO FIJO","INMUEBLE","NO REPORTADO","FALLADO","URBANA","RESIDENCIAL","INTERSECCIÓN","NORMAL","NO REPORTA","CARRERA 51 52 85","1","0","0","0","1","0"
"2015-06-27T00:00:00.000Z","11:06","h","CHOQUE","Ciclista-Motociclista","VEHÍCULO","NO REPORTADO","NO REPORTADO","FALLADO","RURAL","NO REPORTADO","INTERSECCIÓN","NORMAL","AMAGA","PARQUE PRINCIPAL MINAS","0","0","1","0","1","0"
"2015-10-27T00:00:00.000Z","13:10","h","CHOQUE","Ciclista-Motociclista","VEHÍCULO","NO REPORTADO","NO REPORTADO","FALLADO","URBANA","RESIDENCIAL","TRAMO DE VÍA","NORMAL","FREDONIA","AVENIDA SANTANDER","0","0","0","2","2","0"
"2015-11-01T00:00:00.000Z","11:11","h","CHOQUE","Ciclista-Motociclista","VEHÍCULO","NO REPORTADO","NO REPORTADO","FALLADO","URBANA","COMERCIAL","TRAMO DE VÍA","NORMAL","FREDONIA","ESTACIÓN DE SERVICIO TERPEL","0","0","0","1","1","0"
"2015-06-04T00:00:00.000Z","13:06","h","CHOQUE","Ciclista-Motociclista","OBJETO FIJO","MURO","NO REPORTADO","PEND. NOTIFICACIÓN","URBANA","RESIDENCIAL","TRAMO DE VÍA","NORMAL","COCORNA","CRA 19 SECTOR LAS PALOMAS","0","0","1","0","1","0"
"2015-06-21T00:00:00.000Z","00:06","h","VOLCAMIENTO","Ciclista-Motociclista","NO REPORTADO","NO REPORTADO","NO REPORTADO","PEND. NOTIFICACIÓN","RURAL","NO REPORTADO","TRAMO DE VÍA","NORMAL","COCORNA","VÍA COCORNA, EL RAMAL KM 5","0","0","0","1","1","0"
"2015-12-24T00:00:00.000Z","14:12","h","CHOQUE","Ciclista-Motociclista","VEHÍCULO","NO REPORTADO","NO REPORTADO","FALLADO","RURAL","NO REPORTADO","TRAMO DE VÍA","NORMAL","NO REPORTA","TRONCAL DEL CAFÉ KM 81+840","0","0","1","0","1","0"
"2015-11-30T00:00:00.000Z","13:11","h","CHOQUE","Ciclista-Motociclista","VEHÍCULO","NO REPORTADO","NO REPORTADO","FALLADO","RURAL","NO REPORTADO","TRAMO DE VÍA","NORMAL","AMAGA","MEDELLÍN FREDONIA - SECTOR LOS RESTAURANTES","0","0","0","1","1","0"
"2016-02-07T00:00:00.000Z","11:02","h","CHOQUE","Ciclista-Motociclista","VEHÍCULO","NO REPORTADO","NO REPORTADO","PEND. NOTIFICACIÓN","RURAL","NO REPORTADO","TRAMO DE VÍA","NORMAL","NO REPORTA","SECTOR TATA LOCO VÍA DEPARTAMENTAL BETANIA ANDES","0","0","0","1","1","0"
"2015-06-08T00:00:00.000Z","12:06","h","VOLCAMIENTO","Ciclista-Motociclista","NO REPORTADO","NO REPORTADO","NO REPORTADO","FALLADO","RURAL","NO REPORTADO","TRAMO DE VÍA","NORMAL","NO REPORTA","QUEBRADA LA SABROSA","0","0","0","1","1","0"
"2015-07-01T00:00:00.000Z","16:07","h","VOLCAMIENTO","Ciclista-Motociclista","NO REPORTADO","NO REPORTADO","NO REPORTADO","FALLADO","RURAL","NO REPORTADO","TRAMO DE VÍA","NORMAL","FREDONIA","PUENTE IGLESIAS KM 19+800","0","0","2","0","2","0"
"2015-07-31T00:00:00.000Z","16:07","h","CHOQUE","Ciclista-Motociclista","OBJETO FIJO","OTRO","NO REPORTADO","FALLADO","URBANA","COMERCIAL","TRAMO DE VÍA","NORMAL","AMAGA","KM 81+80","0","0","0","1","1","0"
"2015-06-19T00:00:00.000Z","18:06","h","ATROPELLO","Ciclista-Motociclista","NO REPORTADO","NO REPORTADO","NO REPORTADO","FALLADO","URBANA","COMERCIAL","TRAMO DE VÍA","NORMAL","FREDONIA","CARRERA 50 CON CALLE 50","1","0","0","0","1","0"
"2015-08-15T00:00:00.000Z","22:08","h","ATROPELLO","Ciclista-Motociclista","NO REPORTADO","NO REPORTADO","NO REPORTADO","PEND. NOTIFICACIÓN","RURAL","NO REPORTADO","TRAMO DE VÍA","NORMAL","ANZA","VÍA BOLOMBOLO - SANTA FE DE ANTIOQUIA KM 52+ 130","1","0","1","0","2","0"
"2015-08-17T00:00:00.000Z","14:08","h","CAÍDA OCUPANTE","Ciclista-Motociclista","NO REPORTADO","NO REPORTADO","NO REPORTADO","PEND. NOTIFICACIÓN","RURAL","NO REPORTADO","TRAMO DE VÍA","NORMAL","ANZA","VÍA BOLOMBOLO - SANTA FE DE ANTIOQUIA KM 47 + 170","0","0","0","1","1","0"
"2015-09-13T00:00:00.000Z","16:09","h","CAÍDA OCUPANTE","Ciclista-Motociclista","NO REPORTADO","NO REPORTADO","NO REPORTADO","PEND. NOTIFICACIÓN","RURAL","NO REPORTADO","TRAMO DE VÍA","NORMAL","ANZA","VÍA BOLOMBOLO SANTA FE DE ANTIOQUIA KM 74+170","0","0","1","0","1","0"
"2015-09-26T00:00:00.000Z","23:09","h","CAÍDA OCUPANTE","Ciclista-Motociclista","NO REPORTADO","NO REPORTADO","NO REPORTADO","PEND. NOTIFICACIÓN","RURAL","NO REPORTADO","TRAMO DE VÍA","NORMAL","ANZA","VÍA BOLOMBOLO - SANTA FE, KILOMETRO 52+800","0","0","0","1","1","0"
"2014-12-31T00:00:00.000Z","11:12","h","ATROPELLO","Ciclista-Motociclista","NO REPORTADO","NO REPORTADO","NO REPORTADO","FALLADO","RURAL","NO REPORTADO","TRAMO DE VÍA","NORMAL","GUARNE","KM 80 + 300 R 6003","1","0","0","0","1","0"
"2015-11-08T00:00:00.000Z","13:11","h","VOLCAMIENTO","Ciclista-Motociclista","NO REPORTADO","NO REPORTADO","NO REPORTADO","PEND. NOTIFICACIÓN","RURAL","NO REPORTADO","TRAMO DE VÍA","NORMAL","CAICEDO","LA USA CAICEDO KM 37","0","0","0","1","1","0"
"2015-12-02T00:00:00.000Z","20:12","h","CHOQUE","Ciclista-Motociclista","VEHÍCULO","NO REPORTADO","NO REPORTADO","PEND. DECLARACIÓN","URBANA","RESIDENCIAL","TRAMO DE VÍA","NORMAL","NO REPORTA","FREDONIA CARRERA 50 NO.51-132","0","0","0","1","1","0"
"2015-10-26T00:00:00.000Z","15:10","h","VOLCAMIENTO","Ciclista-Motociclista","NO REPORTADO","NO REPORTADO","NO REPORTADO","PEND. NOTIFICACIÓN","RURAL","NO REPORTADO","TRAMO DE VÍA","LLUVIA","NO REPORTA","SECTOR LA MILAGROSA KM 1","0","1","0","1","2","0"
"2015-09-29T00:00:00.000Z","10:09","h","CHOQUE","Ciclista-Motociclista","VEHÍCULO","NO REPORTADO","NO REPORTADO","FALLADO","RURAL","NO REPORTADO","TRAMO DE VÍA","NORMAL","NO REPORTA","LLANO DE SAN JOSÉ","0","0","0","1","1","0"
"2017-02-04T00:00:00.000Z","00:02","h","CAÍDA OCUPANTE","Ciclista-Motociclista","NO REPORTADO","NO REPORTADO","NO REPORTADO","FALLADO","URBANA","RESIDENCIAL","TRAMO DE VÍA","NORMAL","AMAGA","CARRERA 52 ENTRE CALLE 50 Y52","0","0","2","1","3","0"
"2017-02-08T00:00:00.000Z","16:02","h","CHOQUE","Ciclista-Motociclista","VEHÍCULO","NO REPORTADO","NO REPORTADO","FALLADO","RURAL","NO REPORTADO","TRAMO DE VÍA","NORMAL","AMAGA","VÍA AMAGÁ FREDONIA SECTOR LOS PINOS","0","0","0","1","1","0"
"2016-10-15T00:00:00.000Z","22:10","h","ATROPELLO","Conductor","NO REPORTADO","NO REPORTADO","NO REPORTADO","PEND. NOTIFICACIÓN","URBANA","RESIDENCIAL","TRAMO DE VÍA","LLUVIA","FREDONIA","AVENIDA SANTANDER","1","0","0","0","1","0"
"2017-02-03T00:00:00.000Z","15:02","h","CHOQUE","Ciclista-Motociclista","VEHÍCULO","NO REPORTADO","NO REPORTADO","FALLADO","RURAL","NO REPORTADO","TRAMO DE VÍA","NORMAL","FREDONIA","RUTA60AN09VIAAMAGA-FREDONIAKILOMETRO15+357","0","0","0","1","1","0"
"2016-09-17T00:00:00.000Z","15:09","h","ATROPELLO","Ciclista-Motociclista","NO REPORTADO","NO REPORTADO","NO REPORTADO","FALLADO","URBANA","RESIDENCIAL","TRAMO DE VÍA","NORMAL","GUARNE","CALLE 72A BARRIO ANTONIO ROLDAN","1","0","0","0","1","0"
"2016-10-16T00:00:00.000Z","20:10","d","CHOQUE","Ciclista-Motociclista","VEHÍCULO","NO REPORTADO","NO REPORTADO","PEND. NOTIFICACIÓN","URBANA","RESIDENCIAL","TRAMO DE VÍA","NORMAL","GUARNE","VÍA SOPETRAN SAN JERÓNIMO TAFETANES","0","0","0","1","1","0"
"2016-11-26T00:00:00.000Z","15:11","h","CHOQUE","Ciclista-Motociclista","VEHÍCULO","NO REPORTADO","NO REPORTADO","FALLADO","RURAL","NO REPORTADO","TRAMO DE VÍA","NORMAL","FREDONIA","VÍA FREDONIA - PUENTE IGLESIAS KILOMETRO 9","0","0","0","1","1","0"
"2016-12-22T00:00:00.000Z","02:12","h","CHOQUE","Ciclista-Motociclista","VEHÍCULO","NO REPORTADO","NO REPORTADO","PEND. NOTIFICACIÓN","RURAL","NO REPORTADO","TRAMO DE VÍA","NORMAL","FREDONIA","VÍA SANTA BÁRBARA - FREDONIA KILOMETRO 2+500","0","0","0","1","1","0"
"2016-12-27T00:00:00.000Z","18:12","h","CHOQUE","Ciclista-Motociclista","SEMOVIENTE","NO REPORTADO","NO REPORTADO","PEND. NOTIFICACIÓN","RURAL","NO REPORTADO","TRAMO DE VÍA","LLUVIA","FREDONIA","VEREDA EL PLAN , ENTRADA FINCA SAN ANTONIO, VÍA A FREDONIA","1","0","0","0","1","0"
"2017-01-24T00:00:00.000Z","18:01","h","CHOQUE","Ciclista-Motociclista","VEHÍCULO","NO REPORTADO","NO REPORTADO","FALLADO","RURAL","NO REPORTADO","INTERSECCIÓN","NORMAL","NO REPORTA","VÍA AMAGÁ MEDELLÍN ""Y"" DE CAMILO C KM 81+550","0","0","0","1","1","0"
"2017-01-21T00:00:00.000Z","18:01","h","ATROPELLO","Ciclista-Motociclista","NO REPORTADO","NO REPORTADO","NO REPORTADO","FALLADO","RURAL","NO REPORTADO","INTERSECCIÓN","NORMAL","AMAGA","KM00 ""Y"" CAMILO C","1","0","0","0","1","0"
"2017-01-13T00:00:00.000Z","21:01","h","CHOQUE","Ciclista-Motociclista","VEHÍCULO","NO REPORTADO","NO REPORTADO","FALLADO","RURAL","NO REPORTADO","TRAMO DE VÍA","NORMAL","AMAGA","CENTRO POBLADO CAMILO C","0","0","0","1","1","0"
"2017-02-12T00:00:00.000Z","08:02","h","CHOQUE","Ciclista-Motociclista","VEHÍCULO","NO REPORTADO","NO REPORTADO","FALLADO","URBANA","RESIDENCIAL","TRAMO DE VÍA","LLUVIA","FREDONIA","AVENIDA SANTANDER CARRERA 50 # 65-43","0","0","1","0","1","0"
"2017-01-25T00:00:00.000Z","09:01","h","CHOQUE","Ciclista-Motociclista","VEHÍCULO","NO REPORTADO","NO REPORTADO","PEND. NOTIFICACIÓN","URBANA","RESIDENCIAL","INTERSECCIÓN","NORMAL","TITIRIBÍ","CALLA ANTONIO JOSÉ CADAVID- MUNICIPIO DE TITIRIBÍ","0","0","1","1","2","0"
"2016-10-03T00:00:00.000Z","06:10","h","OTRO","Ciclista-Motociclista","NO REPORTADO","NO REPORTADO","NO REPORTADO","PEND. NOTIFICACIÓN","URBANA","RESIDENCIAL","TRAMO DE VÍA","NORMAL","GUARNE","VÍA SOPETRAN MEDELLÍN","0","0","0","1","1","0"
"2016-09-25T00:00:00.000Z","17:09","h","CHOQUE","Ciclista-Motociclista","VEHÍCULO","NO REPORTADO","NO REPORTADO","FALLADO","RURAL","NO REPORTADO","TRAMO DE VÍA","LLUVIA","GUARNE","VÍA FREDONIA AMAGA","0","3","0","0","3","0"
"2016-10-14T00:00:00.000Z","15:10","h","CHOQUE","Ciclista-Motociclista","VEHÍCULO","NO REPORTADO","NO REPORTADO","FALLADO","RURAL","NO REPORTADO","TRAMO DE VÍA","NORMAL","GUARNE","VÍA FREDONIA-MARCELLA","0","0","1","0","1","0"
"2016-10-15T00:00:00.000Z","22:10","h","ATROPELLO","Conductor","NO REPORTADO","NO REPORTADO","NO REPORTADO","FALLADO","URBANA","RESIDENCIAL","TRAMO DE VÍA","LLUVIA","NO REPORTA","HOSPITAL SANTA LUCIA FREDONIA","1","0","0","0","1","0"
"2016-09-13T00:00:00.000Z","17:09","h","CHOQUE","Ciclista-Motociclista","VEHÍCULO","NO REPORTADO","NO REPORTADO","FALLADO","RURAL","NO REPORTADO","TRAMO DE VÍA","NORMAL","FREDONIA","VÍA FREDONIA PUENTE IGLESIAS","0","0","0","1","1","0"
"2017-01-02T00:00:00.000Z","16:01","h","CHOQUE","Ciclista-Motociclista","VEHÍCULO","NO REPORTADO","NO REPORTADO","FALLADO","RURAL","NO REPORTADO","TRAMO DE VÍA","NORMAL","FREDONIA","RUTA 24BAN01VIAFREDONIA-PUENTEIGLESIASKILOMETRO18","0","0","0","1","1","0"
"2017-01-04T00:00:00.000Z","16:01","h","CHOQUE","Ciclista-Motociclista","OBJETO FIJO","POSTE","NO REPORTADO","FALLADO","URBANA","RESIDENCIAL","TRAMO DE VÍA","NORMAL","FREDONIA","CARRERA 48 A SECTOR MARIA AUXILIADORA","0","0","0","1","1","0"
"2015-06-22T00:00:00.000Z","18:06","h","CHOQUE","Ciclista-Motociclista","VEHÍCULO","NO REPORTADO","NO REPORTADO","FALLADO","RURAL","NO REPORTADO","TRAMO DE VÍA","NORMAL","NO REPORTA","ALTO DEL CORRAL","0","1","0","1","2","0"
"2015-01-26T00:00:00.000Z","12:01","h","VOLCAMIENTO","Ciclista-Motociclista","NO REPORTADO","NO REPORTADO","NO REPORTADO","FALLADO","RURAL","NO REPORTADO","PASO ELEVADO","NORMAL","GUARNE","VÍA A FREDONIA ENTRE JONAS Y PALOMOS","0","0","2","1","3","0"
"2015-05-31T00:00:00.000Z","18:05","h","CHOQUE","Ciclista-Motociclista","VEHÍCULO","NO REPORTADO","NO REPORTADO","FALLADO","RURAL","NO REPORTADO","INTERSECCIÓN","NORMAL","AMAGA","VÍA MEDELLÍN AMAGA","0","0","0","1","1","0"
"2015-06-04T00:00:00.000Z","10:06","h","CHOQUE","Ciclista-Motociclista","VEHÍCULO","NO REPORTADO","NO REPORTADO","FALLADO","URBANA","RESIDENCIAL","TRAMO DE VÍA","NORMAL","AMAGA","VÍA BOLOMBOLO MEDELLÍN KM 80+800","0","0","1","0","1","0"
"2015-07-05T00:00:00.000Z","03:07","h","CHOQUE","Ciclista-Motociclista","VEHÍCULO","NO REPORTADO","NO REPORTADO","FALLADO","RURAL","NO REPORTADO","TRAMO DE VÍA","NORMAL","FREDONIA","VÍA PUENTE IGLESIAS KM 21 +200","0","0","1","1","2","0"
"2015-08-11T00:00:00.000Z","12:08","h","CHOQUE","Ciclista-Motociclista","VEHÍCULO","NO REPORTADO","NO REPORTADO","PEND. NOTIFICACIÓN","URBANA","RESIDENCIAL","TRAMO DE VÍA","NORMAL","VALPARAÍSO","CARRERA 14 CON CALLE 19","0","1","0","1","2","0"
"2015-12-23T00:00:00.000Z","11:12","h","CHOQUE","Ciclista-Motociclista","VEHÍCULO","NO REPORTADO","NO REPORTADO","FALLADO","RURAL","NO REPORTADO","TRAMO DE VÍA","NORMAL","FREDONIA","PALOMOS","0","0","0","1","1","0"
"2015-08-07T00:00:00.000Z","20:08","h","CHOQUE","Ciclista-Motociclista","VEHÍCULO","NO REPORTADO","NO REPORTADO","FALLADO","URBANA","RESIDENCIAL","INTERSECCIÓN","NORMAL","FREDONIA","CUATRO EQUINAS FREDONIA","0","0","0","1","1","0"
"2014-11-30T00:00:00.000Z","14:11","h","CHOQUE","Ciclista-Motociclista","VEHÍCULO","NO REPORTADO","NO REPORTADO","FALLADO","RURAL","NO REPORTADO","TRAMO DE VÍA","NORMAL","GUARNE","CENTRO POBLADO MINAS SECTOR LA MATA DE GUADUA","0","0","1","2","3","0"
"2014-12-05T00:00:00.000Z","13:12","h","CHOQUE","Ciclista-Motociclista","VEHÍCULO","NO REPORTADO","NO REPORTADO","FALLADO","RURAL","NO REPORTADO","INTERSECCIÓN","NORMAL","GUARNE","KM 00+030 VÍA CAMILO C FREDONIA","0","0","0","1","1","0"
"2014-12-14T00:00:00.000Z","18:12","h","ATROPELLO","Ciclista-Motociclista","NO REPORTADO","NO REPORTADO","NO REPORTADO","FALLADO","URBANA","COMERCIAL","TRAMO DE VÍA","NORMAL","GUARNE","CRA 50 ENTRE CALLE 51 Y 52","1","0","0","0","1","0"
"2014-12-28T00:00:00.000Z","16:12","h","CHOQUE","Ciclista-Motociclista","VEHÍCULO","NO REPORTADO","NO REPORTADO","PEND. DECLARACIÓN","RURAL","NO REPORTADO","TRAMO DE VÍA","NORMAL","GUARNE","KILOMETRO 23 PTE IGLESIAS","0","0","0","2","2","0"
"2015-01-08T00:00:00.000Z","09:01","h","CHOQUE","Ciclista-Motociclista","VEHÍCULO","NO REPORTADO","NO REPORTADO","PEND. DECLARACIÓN","RURAL","NO REPORTADO","TRAMO DE VÍA","NORMAL","GUARNE","SECTOR CAÑADAONDA","0","0","0","1","1","0"
"2015-01-10T00:00:00.000Z","20:01","h","ATROPELLO","Ciclista-Motociclista","NO REPORTADO","NO REPORTADO","NO REPORTADO","FALLADO","RURAL","NO REPORTADO","TRAMO DE VÍA","NORMAL","AMAGA","BARRIO LOS ÁLVAREZ","1","0","0","0","1","0"
"2015-05-10T00:00:00.000Z","05:05","h","CAÍDA OCUPANTE","Ciclista-Motociclista","NO REPORTADO","NO REPORTADO","NO REPORTADO","FALLADO","URBANA","RESIDENCIAL","TRAMO DE VÍA","NORMAL","NO REPORTA","CARRERA 49 CON CALLE 51","0","0","0","1","1","0"
"2014-12-01T00:00:00.000Z","01:12","h","ATROPELLO","Ciclista-Motociclista","NO REPORTADO","NO REPORTADO","NO REPORTADO","PEND. NOTIFICACIÓN","URBANA","RESIDENCIAL","TRAMO DE VÍA","NORMAL","VENECIA","CALLE 51 CARRERA 49 BARRIO CHAPINERO VENECIA","2","0","0","0","2","0"
"2014-12-08T00:00:00.000Z","12:12","h","CHOQUE","Ciclista-Motociclista","VEHÍCULO","NO REPORTADO","NO REPORTADO","PEND. NOTIFICACIÓN","RURAL","NO REPORTADO","TRAMO DE VÍA","NORMAL","GUARNE","KM 6 RUTA 6017 SECTOR GUAYABAL","0","0","1","0","1","0"
"2015-08-14T00:00:00.000Z","14:08","h","ATROPELLO","Ciclista-Motociclista","NO REPORTADO","NO REPORTADO","NO REPORTADO","PEND. NOTIFICACIÓN","URBANA","COMERCIAL","INTERSECCIÓN","NORMAL","NO REPORTA","CALLE 6 CON CARRERA 5, ESQUINA","1","0","0","0","1","0"
"2015-08-07T00:00:00.000Z","15:08","h","CHOQUE","Ciclista-Motociclista","VEHÍCULO","NO REPORTADO","NO REPORTADO","PEND. NOTIFICACIÓN","URBANA","COMERCIAL","TRAMO DE VÍA","NORMAL","NO REPORTA","CALLE 5 CON CARRERA 50 Nº 50-18","2","0","0","0","2","0"
"2015-11-04T00:00:00.000Z","02:11","h","CHOQUE","Ciclista-Motociclista","VEHÍCULO","NO REPORTADO","NO REPORTADO","PEND. NOTIFICACIÓN","RURAL","NO REPORTADO","TRAMO DE VÍA","NORMAL","NO REPORTA","KILOMETRO 3APROX. VÍA ALEJANDRÍA - CONCEPCIÓN","0","0","0","1","1","0"
"2015-07-26T00:00:00.000Z","13:07","h","VOLCAMIENTO","Ciclista-Motociclista","NO REPORTADO","NO REPORTADO","NO REPORTADO","PEND. NOTIFICACIÓN","URBANA","RESIDENCIAL","TRAMO DE VÍA","NORMAL","COCORNA","CRA 19 CON CALLE SANTANDER","0","1","0","0","1","0"
"2015-09-28T00:00:00.000Z","07:09","h","CAÍDA OCUPANTE","Ciclista-Motociclista","NO REPORTADO","NO REPORTADO","NO REPORTADO","PEND. NOTIFICACIÓN","RURAL","NO REPORTADO","TRAMO DE VÍA","NORMAL","ANZA","VEREDA HIGUINA","0","0","1","1","2","0"
"2015-11-09T00:00:00.000Z","12:11","h","ATROPELLO","Ciclista-Motociclista","NO REPORTADO","NO REPORTADO","NO REPORTADO","FALLADO","URBANA","RESIDENCIAL","INTERSECCIÓN","NORMAL","FREDONIA","MI CASITA ENTRADA HOSPITAL","1","0","0","0","1","0"